residue,rmsf_nm
GLY1,0.5403144
ALA2,0.44042808
ALA3,0.36951667
ALA4,0.23860629
ALA5,0.22197956
ARG6,0.16953398
ALA7,0.18543115
LEU8,0.17276517
ALA9,0.14179909
VAL10,0.14555645
VAL11,0.15229262
LEU12,0.11432235
ALA13,0.07103014
ALA14,0.088446036
ALA15,0.09404506
ALA16,0.07317248
LEU17,0.058175348
ALA18,0.08329115
ALA19,0.11707721
GLY20,0.12882833
LEU21,0.1386023
ILE22,0.113597766
THR23,0.13792156
ALA24,0.1386027
GLU25,0.14806062
GLU26,0.08681461
ALA27,0.070652336
LEU28,0.13792923
ALA29,0.11158142
ALA30,0.15288852
ILE31,0.22477731
ALA32,0.22674811
ALA33,0.22909434
