frame,time_ns,protein_ca_rmsd_nm,ligand_rmsd_nm
0,0.0,0.00033999543,0.0
1,0.001,0.04153375,0.15953626
2,0.002,0.048802074,0.15560761
3,0.003,0.055022564,0.17821242
4,0.004,0.03702361,3.831551
5,0.005,0.038196184,0.33177105
6,0.006,0.03820677,3.89412
7,0.007,0.039121643,3.8496718
8,0.008,0.060081143,0.44294614
9,0.009,0.047936942,0.38089007
10,0.01,0.045667093,0.34606743
11,0.011,0.050242305,3.8650453
12,0.012,0.0494293,3.868491
13,0.013,0.042552434,3.8377893
14,0.014,0.04381458,3.9436288
15,0.015,0.044031706,3.906692
16,0.016,0.0480742,3.8071532
17,0.017,0.05679043,3.8298366
18,0.018,0.04802849,3.8430839
19,0.019,0.055409867,3.683506
20,0.02,0.053980097,3.558934
21,0.021,0.055932086,3.476276
22,0.022,0.061707996,3.6300082
23,0.023,0.06872955,3.5122614
24,0.024,0.06579505,3.5685637
25,0.025,0.07207742,3.651876
26,0.026,0.0662555,3.6288111
27,0.027,0.06792935,3.4816945
28,0.028,0.064505115,3.4553638
29,0.029,0.072342366,3.4628904
30,0.03,0.07327276,3.5018654
31,0.031,0.058285173,5.378469
32,0.032,0.055720884,3.5681515
33,0.033,0.06294141,3.4662225
34,0.034,0.059629224,3.4332292
35,0.035,0.056344945,3.4701917
36,0.036,0.06310557,3.4107823
37,0.037,0.06453557,3.5625646
38,0.038,0.0637199,3.6225266
39,0.039,0.06790041,3.638926
40,0.04,0.06637404,3.6154525
41,0.041,0.070754185,3.643791
42,0.042,0.06307625,3.6492383
43,0.043,0.063064344,3.7373307
44,0.044,0.07023848,3.7494097
45,0.045,0.06523484,3.722191
46,0.046,0.05355009,3.5061076
47,0.047,0.052976042,3.4412243
48,0.048,0.059401978,3.4207292
49,0.049,0.052930202,3.4534335
50,0.05,0.055223882,3.6810303
51,0.051,0.06962688,3.7011554
52,0.052,0.06129732,3.5637543
53,0.053,0.058826085,3.4627328
54,0.054,0.05493741,3.3883758
55,0.055,0.063435346,3.367978
56,0.056,0.052712448,3.3419201
57,0.057,0.049704492,3.250873
58,0.058,0.04549337,3.2281559
59,0.059,0.05819089,3.189076
60,0.06,0.054493748,3.1577442
61,0.061,0.04572022,3.209215
62,0.062,0.0589576,3.1844425
63,0.063,0.05202041,3.1338372
64,0.064,0.050901752,3.1602528
65,0.065,0.052365918,3.1509075
66,0.066,0.046820715,3.1914115
67,0.067,0.04865262,3.2404506
68,0.068,0.050007075,3.2557201
69,0.069,0.05401221,3.320321
70,0.07,0.050824482,3.329258
71,0.071,0.053026207,3.2901788
72,0.072,0.043632157,3.1455073
73,0.073,0.068372056,2.9662132
74,0.074,0.060159978,3.0651464
75,0.075,0.06251757,3.1267874
76,0.076,0.062194075,2.9680922
77,0.077,0.06344355,2.9423144
78,0.078,0.06585563,3.036561
79,0.079,0.05097097,2.8564737
80,0.08,0.049184307,3.027044
81,0.081,0.056265905,3.0355356
82,0.082,0.05789414,3.0628822
83,0.083,0.06756933,2.9059603
84,0.084,0.050880175,2.993757
85,0.085,0.059494343,3.0579512
86,0.086,0.055443235,3.048227
87,0.087,0.055140086,3.0325503
88,0.088,0.050039425,2.830962
89,0.089,0.052034855,2.7791097
90,0.09,0.045097798,2.7451835
91,0.091,0.05284605,2.7019734
92,0.092,0.04618059,2.6609147
93,0.093,0.062317554,2.6562693
94,0.094,0.044657335,2.5259182
95,0.095,0.062289722,2.4375381
96,0.096,0.063067086,2.2296045
97,0.097,0.057251636,2.2246618
98,0.098,0.05694999,2.2084503
99,0.099,0.056929693,2.2110963
100,0.1,0.060653698,2.1661663
101,0.101,0.051767584,2.2919452
102,0.102,0.06683742,2.29896
103,0.103,0.059492398,3.848441
104,0.104,0.05398545,3.9142632
105,0.105,0.047593288,3.861905
106,0.106,0.040212993,3.8098712
107,0.107,0.05143491,3.8246617
108,0.108,0.055396304,3.9595885
109,0.109,0.06101947,4.0144477
110,0.11,0.050295196,3.9216597
111,0.111,0.058316898,3.8691323
112,0.112,0.061252985,2.277919
113,0.113,0.05732226,2.1122525
114,0.114,0.05792209,2.1488404
115,0.115,0.057159692,2.1441169
116,0.116,0.04636919,3.8747232
117,0.117,0.045469224,3.9832048
118,0.118,0.050509635,4.030907
119,0.119,0.038970653,4.004236
120,0.12,0.048564628,4.0906124
121,0.121,0.05940295,4.181908
122,0.122,0.056233022,4.2392964
123,0.123,0.056778215,4.1762037
124,0.124,0.051969275,4.2059903
125,0.125,0.05080856,4.0933995
126,0.126,0.051065,4.2776318
127,0.127,0.06232961,4.201145
128,0.128,0.053921174,4.2198696
129,0.129,0.05932506,4.1796484
130,0.13,0.052144703,4.244733
131,0.131,0.049906418,4.2628365
132,0.132,0.048837595,4.1908517
133,0.133,0.059694134,4.2373276
134,0.134,0.05035262,4.2133613
135,0.135,0.06110655,4.218853
136,0.136,0.053804208,4.1778197
137,0.137,0.05433867,4.161669
138,0.138,0.050731145,4.125123
139,0.139,0.050670724,4.2572412
140,0.14,0.057279896,4.156771
141,0.141,0.053186197,4.311605
142,0.142,0.06162458,4.333549
143,0.143,0.056215547,4.331215
144,0.144,0.058306985,4.3535194
145,0.145,0.05608482,4.309794
146,0.146,0.054596532,4.1684155
147,0.147,0.05397153,4.1260967
148,0.148,0.055842113,4.1732173
149,0.149,0.06391914,4.0210166
150,0.15,0.06736716,4.171553
151,0.151,0.06686855,4.2153273
152,0.152,0.07764039,4.2153525
153,0.153,0.06464296,4.1568055
154,0.154,0.075616695,4.1414576
155,0.155,0.079792514,4.181877
156,0.156,0.07703804,4.3229723
157,0.157,0.07506049,4.1890683
158,0.158,0.066488884,4.1638064
159,0.159,0.064217746,4.2410426
160,0.16,0.072851904,4.219367
161,0.161,0.07819599,4.246839
162,0.162,0.0692231,4.22305
163,0.163,0.073564045,4.173722
164,0.164,0.06364003,4.163015
165,0.165,0.06783228,4.0603695
166,0.166,0.080594696,4.053034
167,0.167,0.07475957,4.0277977
168,0.168,0.08150606,4.093327
169,0.169,0.08994341,4.1360154
170,0.17,0.08456938,4.194471
171,0.171,0.07560828,4.3482685
172,0.172,0.084354505,4.321626
173,0.173,0.06599153,4.4166293
174,0.174,0.08142944,4.4788594
175,0.175,0.08374385,4.4715557
176,0.176,0.07495492,4.276283
177,0.177,0.07737119,4.318243
178,0.178,0.0689797,4.288631
179,0.179,0.069746315,4.299334
180,0.18,0.07216478,4.566826
181,0.181,0.06517634,4.5628815
182,0.182,0.075347155,4.5910416
183,0.183,0.087102555,4.514726
184,0.184,0.072618276,4.5239673
185,0.185,0.07389877,4.593034
186,0.186,0.07399335,4.5225124
187,0.187,0.063821405,4.498656
188,0.188,0.06264963,4.4203205
189,0.189,0.06521091,4.503994
190,0.19,0.07174951,4.5402956
191,0.191,0.06502896,4.6067967
192,0.192,0.058671627,4.5674376
193,0.193,0.053289335,4.6506996
194,0.194,0.05717789,4.3397737
195,0.195,0.056112636,4.344638
196,0.196,0.05870708,4.6901374
197,0.197,0.06404561,4.69338
198,0.198,0.06206663,4.366077
199,0.199,0.05573229,4.341012
200,0.2,0.054960553,4.386087
201,0.201,0.06876234,4.3710327
202,0.202,0.064695686,4.3684654
203,0.203,0.066592254,4.3357186
204,0.204,0.08064058,4.6235113
205,0.205,0.07027057,4.5544524
206,0.206,0.08247045,4.632687
207,0.207,0.072747104,4.7594213
208,0.208,0.07608684,4.1716294
209,0.209,0.07117445,4.8147364
210,0.21,0.067740194,4.81013
211,0.211,0.06117178,4.6487226
212,0.212,0.059799578,4.594935
213,0.213,0.06962356,4.561096
214,0.214,0.07314012,4.5966334
215,0.215,0.079354525,4.270617
216,0.216,0.07490633,4.2644615
217,0.217,0.067993134,4.296449
218,0.218,0.0681943,4.3409405
219,0.219,0.055064566,4.726122
220,0.22,0.06297538,4.782758
221,0.221,0.059358176,4.7230763
222,0.222,0.056866713,4.694482
223,0.223,0.06644192,4.2839684
224,0.224,0.07054885,4.668535
225,0.225,0.054076377,4.2829604
226,0.226,0.05348313,4.2806234
227,0.227,0.05694086,4.3149714
228,0.228,0.062234953,4.315507
229,0.229,0.06201632,4.3060036
230,0.23,0.064765334,4.248941
231,0.231,0.06595999,4.2393203
232,0.232,0.06152884,4.3246174
233,0.233,0.06400679,4.311348
234,0.234,0.06994987,4.268861
235,0.235,0.0700275,4.3338146
236,0.236,0.083219044,4.3764925
237,0.237,0.07441862,4.3799634
238,0.238,0.07030017,4.3828735
239,0.239,0.07214235,4.3160105
240,0.24,0.07131074,4.326538
241,0.241,0.06489728,4.2722335
242,0.242,0.079640254,4.27199
243,0.243,0.08302713,4.3259826
244,0.244,0.06651322,4.313119
245,0.245,0.0652047,4.2779
246,0.246,0.0648251,4.3211484
247,0.247,0.05936694,4.3494263
248,0.248,0.063583694,4.3625526
249,0.249,0.075089745,4.343268
250,0.25,0.06214759,4.337641
251,0.251,0.06431308,4.3343873
252,0.252,0.055163145,4.303643
253,0.253,0.059426297,4.2840466
254,0.254,0.05617646,4.3265705
255,0.255,0.05833077,4.3291492
256,0.256,0.057103038,4.3455896
257,0.257,0.05407317,4.272525
258,0.258,0.06406185,4.344216
259,0.259,0.057937056,4.4021325
260,0.26,0.06218757,4.3207498
261,0.261,0.06146869,4.3156157
262,0.262,0.050144427,4.3876705
263,0.263,0.0635746,4.3704677
264,0.264,0.053709593,4.361728
265,0.265,0.06517456,4.38272
266,0.266,0.05728696,4.396004
267,0.267,0.06117084,4.386193
268,0.268,0.058156114,4.4004755
269,0.269,0.060463767,4.3348055
270,0.27,0.06127374,4.33504
271,0.271,0.053339202,4.3741784
272,0.272,0.065103576,4.3572803
273,0.273,0.06371264,4.3702884
274,0.274,0.058299053,4.3301353
275,0.275,0.049660288,4.3144655
276,0.276,0.059133798,4.3480606
277,0.277,0.06119823,4.3548183
278,0.278,0.056943905,4.333579
279,0.279,0.059108377,4.3761015
280,0.28,0.049144335,4.2819114
281,0.281,0.053432312,4.3311815
282,0.282,0.057905123,4.383641
283,0.283,0.05866276,4.392102
284,0.284,0.06685126,4.419012
285,0.285,0.059209008,4.380211
286,0.286,0.07127264,4.380977
287,0.287,0.06883207,4.3848157
288,0.288,0.07047179,4.3876863
289,0.289,0.06392999,4.3173723
290,0.29,0.06632787,4.389212
291,0.291,0.059152365,4.3229117
292,0.292,0.05223109,4.375527
293,0.293,0.0635746,4.33536
294,0.294,0.07069126,4.308671
295,0.295,0.066320024,4.351533
296,0.296,0.07479281,4.371323
297,0.297,0.064263634,4.3277965
298,0.298,0.06628254,4.3485494
299,0.299,0.06206942,4.3571997
300,0.3,0.059557457,4.2735353
301,0.301,0.068024576,4.2570534
302,0.302,0.06602392,4.2661104
303,0.303,0.056201153,4.305734
304,0.304,0.054220475,4.2651014
305,0.305,0.058387224,4.2471104
306,0.306,0.058222666,4.288083
307,0.307,0.063862145,4.2770624
308,0.308,0.07023354,4.3588915
309,0.309,0.0738072,4.3685136
310,0.31,0.06883795,4.3909826
311,0.311,0.061791304,4.4243627
312,0.312,0.06746147,4.3502164
313,0.313,0.053910453,4.384599
314,0.314,0.052218914,4.325174
315,0.315,0.041076176,4.3084264
316,0.316,0.054556288,4.3152432
317,0.317,0.060515366,4.32021
318,0.318,0.072836034,4.3828487
319,0.319,0.073662184,4.3507433
320,0.32,0.080158204,4.3538117
321,0.321,0.062420417,4.39556
322,0.322,0.06540119,4.4266953
323,0.323,0.07484766,4.4190187
324,0.324,0.06873459,4.4103284
325,0.325,0.07345869,4.421711
326,0.326,0.062060107,4.336155
327,0.327,0.06303134,4.3598776
328,0.328,0.06304784,4.3540683
329,0.329,0.0623361,4.36831
330,0.33,0.07615442,4.35648
331,0.331,0.07590279,4.3047123
332,0.332,0.071206115,4.3498836
333,0.333,0.061636772,4.332459
334,0.334,0.072076626,4.2590733
335,0.335,0.07739882,4.2956624
336,0.336,0.0798642,4.3121457
337,0.337,0.06767959,4.301187
338,0.338,0.06481708,4.336873
339,0.339,0.05994535,4.326413
340,0.34,0.058982104,4.2972536
341,0.341,0.06216526,4.270554
342,0.342,0.058067597,4.2916803
343,0.343,0.05985851,4.3081694
344,0.344,0.058553293,4.317601
345,0.345,0.06716179,4.2942767
346,0.346,0.062953345,4.3917966
347,0.347,0.068977185,4.2949433
348,0.348,0.06273814,4.3032756
349,0.349,0.071841285,4.308332
350,0.35,0.08184997,4.33037
351,0.351,0.08082171,4.3168173
352,0.352,0.084082045,4.2984166
353,0.353,0.07247327,4.301404
354,0.354,0.07098417,4.257857
355,0.355,0.07384322,4.2668257
356,0.356,0.062344447,4.2909174
357,0.357,0.06588897,4.4803567
358,0.358,0.05834266,4.3101463
359,0.359,0.061203897,4.2900414
360,0.36,0.07668386,4.2662797
361,0.361,0.06462328,4.262924
362,0.362,0.07870949,4.5836973
363,0.363,0.070374124,4.56882
364,0.364,0.06471266,4.2617674
365,0.365,0.061093308,4.2385693
366,0.366,0.06065465,4.2535386
367,0.367,0.06023487,4.280482
368,0.368,0.06572385,4.3266325
369,0.369,0.045989957,4.3100476
370,0.37,0.041359436,4.249047
371,0.371,0.055097096,4.2679706
372,0.372,0.0451951,4.2863274
373,0.373,0.059628256,4.2545376
374,0.374,0.064199746,4.1813216
375,0.375,0.0584367,4.214748
376,0.376,0.06797783,4.2010674
377,0.377,0.056594685,4.234355
378,0.378,0.055293962,4.23241
379,0.379,0.054093476,4.2113824
380,0.38,0.041983586,4.2122483
381,0.381,0.052929107,4.1956816
382,0.382,0.04857296,4.2320013
383,0.383,0.06612103,4.1911106
384,0.384,0.05421728,4.220103
385,0.385,0.059200224,4.173947
386,0.386,0.05426523,4.1898317
387,0.387,0.06659659,4.210037
388,0.388,0.0692039,4.219958
389,0.389,0.05659775,4.16951
390,0.39,0.053143796,4.2152843
391,0.391,0.05247287,4.2367992
392,0.392,0.053901874,4.2622457
393,0.393,0.04819068,4.253686
394,0.394,0.043487526,4.26487
395,0.395,0.05281104,4.3621044
396,0.396,0.046037693,4.2952943
397,0.397,0.05807257,4.2731476
398,0.398,0.054300368,4.343071
399,0.399,0.0479996,4.3483667
400,0.4,0.04936729,4.363686
401,0.401,0.060793616,4.37775
402,0.402,0.059609838,4.38573
403,0.403,0.055310685,4.383001
404,0.404,0.06330401,4.3894334
405,0.405,0.06544183,4.3854017
406,0.406,0.053766597,4.4182367
407,0.407,0.056599792,4.3448462
408,0.408,0.04747169,4.411498
409,0.409,0.059105445,4.372768
410,0.41,0.061027046,4.4099603
411,0.411,0.061885707,4.432059
412,0.412,0.05773719,4.3993673
413,0.413,0.053998295,4.4174137
414,0.414,0.06157485,4.414785
415,0.415,0.05683113,4.4139733
416,0.416,0.058004852,4.4306083
417,0.417,0.059528336,4.4725356
418,0.418,0.06462508,4.558373
419,0.419,0.051861282,4.49206
420,0.42,0.046641372,4.498305
421,0.421,0.05200819,4.526779
422,0.422,0.06279155,4.529758
423,0.423,0.06870768,4.522936
424,0.424,0.062465772,4.5184674
425,0.425,0.05950794,4.5265055
426,0.426,0.06218478,4.5079217
427,0.427,0.064071774,4.520669
428,0.428,0.060591724,4.486428
429,0.429,0.055959985,4.537131
430,0.43,0.053717125,4.4811993
431,0.431,0.04918783,4.4272866
432,0.432,0.06204148,4.4981985
433,0.433,0.070584066,4.5574427
434,0.434,0.076016925,4.5656996
435,0.435,0.067780286,4.5553346
436,0.436,0.069207236,4.5424013
437,0.437,0.053186197,4.550315
438,0.438,0.054066755,4.569799
439,0.439,0.04910551,4.529841
440,0.44,0.05224326,4.6343718
441,0.441,0.05545887,4.5923066
442,0.442,0.06220987,4.4892664
443,0.443,0.056715067,4.448621
444,0.444,0.05439183,4.4744005
445,0.445,0.057382725,4.4799027
446,0.446,0.056922585,4.4063754
447,0.447,0.055506792,4.401764
448,0.448,0.050200872,4.387817
449,0.449,0.048419215,4.42095
450,0.45,0.05272451,4.4342794
451,0.451,0.052296337,4.415181
452,0.452,0.04354995,4.4289255
453,0.453,0.058235567,4.4879837
454,0.454,0.054401394,4.460503
455,0.455,0.05853651,4.5309153
456,0.456,0.0497475,4.556332
457,0.457,0.05852071,4.5132046
458,0.458,0.04221697,4.462696
459,0.459,0.058695264,4.569157
460,0.46,0.063764326,4.503581
461,0.461,0.06179224,4.4921956
462,0.462,0.070671625,4.5186787
463,0.463,0.06385672,4.4896173
464,0.464,0.05864699,4.449631
465,0.465,0.05350798,4.4744425
466,0.466,0.053735413,4.486734
467,0.467,0.05288541,4.4124494
468,0.468,0.038276296,4.4222174
469,0.469,0.05073912,4.4114428
470,0.47,0.05372035,4.406819
471,0.471,0.052703675,4.4068117
472,0.472,0.05691954,4.4636526
473,0.473,0.05686265,4.471781
474,0.474,0.046409063,4.4632735
475,0.475,0.054865822,4.4529347
476,0.476,0.039025493,4.4228034
477,0.477,0.04967076,4.4810004
478,0.478,0.048951074,4.4970565
479,0.479,0.050123677,4.479844
480,0.48,0.049740527,4.4871173
481,0.481,0.047039937,4.545884
482,0.482,0.06789105,4.576511
483,0.483,0.06615686,4.547834
484,0.484,0.04986123,4.486843
485,0.485,0.04416801,4.487562
486,0.486,0.039785277,4.551273
487,0.487,0.052285284,4.575372
488,0.488,0.054546755,4.5252995
489,0.489,0.0554547,4.594952
490,0.49,0.05666511,4.595673
491,0.491,0.051713962,4.569825
492,0.492,0.058179963,4.6065702
493,0.493,0.060725126,4.654457
494,0.494,0.046663675,4.662599
495,0.495,0.050838128,4.6954823
496,0.496,0.057740193,4.707999
497,0.497,0.055248994,4.687236
498,0.498,0.052203417,4.685351
499,0.499,0.060589816,4.6910543
500,0.5,0.056120876,4.672251
501,0.501,0.060116727,4.700024
502,0.502,0.060371928,4.597905
503,0.503,0.055518243,4.5811496
504,0.504,0.048403695,4.5996265
505,0.505,0.06351366,4.567483
506,0.506,0.055745773,4.484642
507,0.507,0.06936406,4.4581566
508,0.508,0.063762516,4.430891
509,0.509,0.056726277,4.452419
510,0.51,0.057168793,4.527622
511,0.511,0.06986306,4.575297
512,0.512,0.06010519,4.632021
513,0.513,0.08532869,4.586198
514,0.514,0.07267795,4.5702624
515,0.515,0.06891599,4.5337286
516,0.516,0.07062663,4.5200105
517,0.517,0.08075732,4.4834394
518,0.518,0.07527425,4.4216056
519,0.519,0.073190674,4.446313
520,0.52,0.077551015,4.437374
521,0.521,0.052368127,4.443226
522,0.522,0.0571425,4.438689
523,0.523,0.05534933,4.4761004
524,0.524,0.06950225,4.4634886
525,0.525,0.06632961,4.381404
526,0.526,0.06437506,4.4400797
527,0.527,0.07442095,4.4316525
528,0.528,0.071411185,4.4042945
529,0.529,0.06713339,4.4869924
530,0.53,0.056129117,4.515547
531,0.531,0.06334143,4.575564
532,0.532,0.065099135,4.4948573
533,0.533,0.0698192,4.5341167
534,0.534,0.06169301,4.491197
535,0.535,0.061133977,4.5873814
536,0.536,0.062486127,4.570501
537,0.537,0.058025774,4.5935035
538,0.538,0.06281363,4.5460873
539,0.539,0.06850802,4.562432
540,0.54,0.06419704,4.5469217
541,0.541,0.05626077,4.509491
542,0.542,0.06553979,4.5340967
543,0.543,0.06986058,4.557946
544,0.544,0.083898306,4.5795093
545,0.545,0.08911707,4.5792775
546,0.546,0.08022956,4.5876794
547,0.547,0.07451952,4.566709
548,0.548,0.07268113,4.5438404
549,0.549,0.0741307,4.54034
550,0.55,0.07190642,4.533315
551,0.551,0.06325925,4.469232
552,0.552,0.05894485,4.509515
553,0.553,0.07292803,4.513423
554,0.554,0.069490604,4.492522
555,0.555,0.07133101,4.4582925
556,0.556,0.06008403,4.4423895
557,0.557,0.062409304,4.4216394
558,0.558,0.061921187,4.469937
559,0.559,0.0633688,4.499779
560,0.56,0.06095313,4.4625244
561,0.561,0.05649963,4.4710584
562,0.562,0.05602914,4.480959
563,0.563,0.059892293,4.4976106
564,0.564,0.05418102,4.503665
565,0.565,0.06737231,4.4899426
566,0.566,0.06606768,4.423555
567,0.567,0.063674524,4.4487996
568,0.568,0.051591996,4.42475
569,0.569,0.061212398,4.4135857
570,0.57,0.06520027,4.3943076
571,0.571,0.05266199,4.386236
572,0.572,0.049917996,4.3783903
573,0.573,0.055334713,4.33568
574,0.574,0.051450644,4.321406
575,0.575,0.051598717,4.336842
576,0.576,0.0684084,4.3142533
577,0.577,0.06128223,4.359454
578,0.578,0.05228639,4.3113475
579,0.579,0.056649808,4.259015
580,0.58,0.065983646,4.322241
581,0.581,0.062824674,4.281206
582,0.582,0.060130186,4.2683787
583,0.583,0.059400033,4.3004117
584,0.584,0.057639003,4.294172
585,0.585,0.060948387,4.3014116
586,0.586,0.057164747,4.2600875
587,0.587,0.06494892,4.2373676
588,0.588,0.06203682,4.2947855
589,0.589,0.05779422,4.306664
590,0.59,0.049425792,4.306831
591,0.591,0.058382273,4.3228145
592,0.592,0.056273095,4.2711077
593,0.593,0.051479843,4.245852
594,0.594,0.06017919,4.2431693
595,0.595,0.060667034,4.1958947
596,0.596,0.055848323,4.1988225
597,0.597,0.06341074,4.2671475
598,0.598,0.06033937,4.2801347
599,0.599,0.054103088,4.3198366
600,0.6,0.05694289,4.377659
601,0.601,0.06319892,4.3129454
602,0.602,0.06039203,4.285723
603,0.603,0.06424204,4.283376
604,0.604,0.053565197,4.2196064
605,0.605,0.054151144,4.2695556
606,0.606,0.050730005,4.285422
607,0.607,0.05231291,4.3457656
608,0.608,0.058238547,4.22428
609,0.609,0.066940255,4.25928
610,0.61,0.0638368,4.290219
611,0.611,0.0539201,4.3362966
612,0.612,0.052950945,4.335333
613,0.613,0.05837336,4.2880416
614,0.614,0.06457228,4.2657013
615,0.615,0.061865155,4.328477
616,0.616,0.07605645,4.3014994
617,0.617,0.07317804,4.3139124
618,0.618,0.07069289,4.274414
619,0.619,0.07006133,4.2599916
620,0.62,0.07089618,4.265977
621,0.621,0.06521977,4.264109
622,0.622,0.068034776,4.1837506
623,0.623,0.07001842,4.203425
624,0.624,0.06002821,4.1703897
625,0.625,0.062463,4.1701665
626,0.626,0.05565342,4.21302
627,0.627,0.068529114,4.22764
628,0.628,0.06885642,4.2368584
629,0.629,0.054770928,4.152625
630,0.63,0.07782554,4.157593
631,0.631,0.06808573,4.1943626
632,0.632,0.066544496,4.207222
633,0.633,0.0677692,4.2062335
634,0.634,0.06558299,4.236519
635,0.635,0.076860026,4.234343
636,0.636,0.0796729,4.2361546
637,0.637,0.06665124,4.243104
638,0.638,0.0776471,4.231039
639,0.639,0.07509359,4.220637
640,0.64,0.06959699,4.3008733
641,0.641,0.07857499,4.2767363
642,0.642,0.0655874,4.3232775
643,0.643,0.06951472,4.3786054
644,0.644,0.07084398,4.3391066
645,0.645,0.05244643,4.3406553
646,0.646,0.055997152,4.2629514
647,0.647,0.05125593,4.32116
648,0.648,0.06085728,4.2615776
649,0.649,0.055568192,4.3388777
650,0.65,0.055547386,4.279145
651,0.651,0.049377825,4.2652855
652,0.652,0.048236232,4.2894745
653,0.653,0.05498999,4.3425674
654,0.654,0.061726727,4.266637
655,0.655,0.050627362,4.266389
656,0.656,0.057295028,4.2873926
657,0.657,0.053556565,4.286356
658,0.658,0.059642795,4.262986
659,0.659,0.057733186,4.2354603
660,0.66,0.04549718,4.2187166
661,0.661,0.05126044,4.277519
662,0.662,0.0517754,4.2798963
663,0.663,0.05218127,4.275603
664,0.664,0.05322856,4.280764
665,0.665,0.06316324,4.289678
666,0.666,0.05334137,4.254746
667,0.667,0.06482956,4.3163657
668,0.668,0.05722538,4.3656077
669,0.669,0.05040425,4.2763634
670,0.67,0.06082213,4.322776
671,0.671,0.067799896,4.354366
672,0.672,0.05481418,4.3527455
673,0.673,0.05758884,4.3663783
674,0.674,0.044069756,4.3538823
675,0.675,0.045141354,4.3860226
676,0.676,0.052247684,4.432589
677,0.677,0.05836643,4.447699
678,0.678,0.064979166,4.4173
679,0.679,0.062240522,4.426674
680,0.68,0.063136704,4.372899
681,0.681,0.056453574,4.43673
682,0.682,0.061822165,4.2944517
683,0.683,0.06194265,4.296349
684,0.684,0.07596825,4.371483
685,0.685,0.08601884,4.3489633
686,0.686,0.07313696,4.3507156
687,0.687,0.07351217,4.369872
688,0.688,0.06595123,4.3522243
689,0.689,0.061717365,4.372595
690,0.69,0.06492132,4.297198
691,0.691,0.08372176,4.301113
692,0.692,0.080274925,4.3178635
693,0.693,0.07006876,4.3292837
694,0.694,0.063774295,4.2888074
695,0.695,0.06085063,4.3144217
696,0.696,0.06595298,4.3257647
697,0.697,0.05959723,4.3330193
698,0.698,0.053269807,4.3012733
699,0.699,0.048729777,4.3234973
700,0.7,0.051930334,4.2898703
701,0.701,0.05967961,4.2907662
702,0.702,0.06010423,4.2628665
703,0.703,0.065656096,4.275176
704,0.704,0.05531277,4.312905
705,0.705,0.06854261,4.332015
706,0.706,0.06491865,4.3163795
707,0.707,0.06967667,4.285581
708,0.708,0.06861088,4.296189
709,0.709,0.06570978,4.257948
710,0.71,0.068876565,4.3041587
711,0.711,0.070852146,4.272855
712,0.712,0.07776908,4.330638
713,0.713,0.06722888,4.3618345
714,0.714,0.077747524,4.3953733
715,0.715,0.07136746,4.339433
716,0.716,0.06968745,4.3394394
717,0.717,0.05351014,4.2887516
718,0.718,0.058035735,4.254207
719,0.719,0.06510002,4.2994227
720,0.72,0.06916546,4.3044224
721,0.721,0.061253928,4.2215543
722,0.722,0.05616926,4.255432
723,0.723,0.063984215,4.322296
724,0.724,0.061352924,4.31895
725,0.725,0.054643095,4.3111258
726,0.726,0.058630235,4.3333583
727,0.727,0.052161325,4.3582096
728,0.728,0.06468408,4.3579893
729,0.729,0.060025323,4.3048034
730,0.73,0.047532525,4.3307753
731,0.731,0.04579096,4.3095164
732,0.732,0.05139557,4.2737856
733,0.733,0.055406738,4.276119
734,0.734,0.062373176,4.274193
735,0.735,0.06677687,4.2648015
736,0.736,0.07521664,4.2536917
737,0.737,0.066812344,4.1961083
738,0.738,0.07236793,4.2564764
739,0.739,0.0756442,4.26368
740,0.74,0.06320715,4.2366614
741,0.741,0.06560502,4.266416
742,0.742,0.05196038,4.342064
743,0.743,0.05213916,4.3345256
744,0.744,0.06408891,4.241313
745,0.745,0.05944769,4.2448626
746,0.746,0.06766507,4.2494173
747,0.747,0.07096218,4.2664213
748,0.748,0.061922118,4.2746105
749,0.749,0.065671064,4.301173
750,0.75,0.07816494,4.3332305
751,0.751,0.057540648,4.3273063
752,0.752,0.05979088,4.355761
753,0.753,0.059527364,4.321943
754,0.754,0.05365253,4.3868065
755,0.755,0.054679044,4.3487616
756,0.756,0.062046137,4.3954735
757,0.757,0.060158055,4.4716935
758,0.758,0.054524496,4.3716283
759,0.759,0.06254622,4.37413
760,0.76,0.072470084,4.412195
761,0.761,0.06832216,4.3955564
762,0.762,0.078724176,4.3935986
763,0.763,0.07962356,4.3872643
764,0.764,0.07090352,4.3749228
765,0.765,0.06500851,4.3902783
766,0.766,0.07073621,4.359524
767,0.767,0.07516206,4.306308
768,0.768,0.08430378,4.405256
769,0.769,0.08680344,4.375094
770,0.77,0.081126496,4.36402
771,0.771,0.06907683,4.3727903
772,0.772,0.07063973,4.431139
773,0.773,0.067948066,4.425834
774,0.774,0.08721131,4.418199
775,0.775,0.08855559,4.3199425
776,0.776,0.08463633,4.366174
777,0.777,0.082215644,4.3026924
778,0.778,0.067279585,4.279193
779,0.779,0.08812311,4.3085723
780,0.78,0.074971884,4.3345757
781,0.781,0.09038508,4.326319
782,0.782,0.08605041,4.311274
783,0.783,0.08269022,4.2974567
784,0.784,0.08440382,4.270945
785,0.785,0.07652843,4.2979097
786,0.786,0.08284943,4.2532444
787,0.787,0.07958871,4.2743516
788,0.788,0.093123995,4.3202767
789,0.789,0.093171775,4.309815
790,0.79,0.09427565,4.318815
791,0.791,0.10043456,4.3418446
792,0.792,0.098094426,4.375586
793,0.793,0.0865901,4.351701
794,0.794,0.07610355,4.389662
795,0.795,0.09095053,4.3322144
796,0.796,0.08430995,4.3603497
797,0.797,0.09378391,4.389945
798,0.798,0.0975461,4.3525853
799,0.799,0.087323904,4.328233
800,0.8,0.10538981,4.3147316
801,0.801,0.08829937,4.3266687
802,0.802,0.09952462,4.3032765
803,0.803,0.10487577,4.333115
804,0.804,0.10372424,4.3610444
805,0.805,0.102079056,4.358906
806,0.806,0.09309916,4.299636
807,0.807,0.07948407,4.3180127
808,0.808,0.07814571,4.320028
809,0.809,0.085286684,4.3735857
810,0.81,0.06535523,4.375218
811,0.811,0.06812901,4.3256636
812,0.812,0.07618022,4.36867
813,0.813,0.07700878,4.375558
814,0.814,0.06938739,4.3928156
815,0.815,0.06764969,4.399804
816,0.816,0.08070506,4.3550634
817,0.817,0.06738088,4.3145084
818,0.818,0.05985368,4.344432
819,0.819,0.06305792,4.3226776
820,0.82,0.06024926,4.3724637
821,0.821,0.06109993,4.370751
822,0.822,0.054560527,4.297341
823,0.823,0.052569713,4.341142
824,0.824,0.05654973,4.325241
825,0.825,0.042307235,4.266002
826,0.826,0.047907997,4.294521
827,0.827,0.04744855,4.3529015
828,0.828,0.043140583,4.366526
829,0.829,0.043234266,4.400014
830,0.83,0.052360397,4.3753924
831,0.831,0.053085037,4.357333
832,0.832,0.04408418,4.3182125
833,0.833,0.04949824,4.3925524
834,0.834,0.05034803,4.33085
835,0.835,0.060919933,4.380051
836,0.836,0.06571769,4.3800564
837,0.837,0.06773423,4.3590684
838,0.838,0.06299373,4.3890166
839,0.839,0.07174709,4.3627744
840,0.84,0.059506968,4.4103975
841,0.841,0.05352094,4.3646474
842,0.842,0.057280906,4.397588
843,0.843,0.06191185,4.3076224
844,0.844,0.057893146,4.318541
845,0.845,0.0546579,4.2806673
846,0.846,0.06272616,4.329864
847,0.847,0.06525876,4.3270054
848,0.848,0.07348228,4.317305
849,0.849,0.060015693,4.3121085
850,0.85,0.06449616,4.3803654
851,0.851,0.06671452,4.3180437
852,0.852,0.06830355,4.3181963
853,0.853,0.07337366,4.3294396
854,0.854,0.07691565,4.339362
855,0.855,0.070710875,4.332325
856,0.856,0.07609216,4.322092
857,0.857,0.0688581,4.3219185
858,0.858,0.07264772,4.350678
859,0.859,0.07015696,4.3191915
860,0.86,0.060766988,4.29217
861,0.861,0.0682917,4.338953
862,0.862,0.055789303,4.343487
863,0.863,0.05422261,4.341026
864,0.864,0.059448663,4.344754
865,0.865,0.058448564,4.3715878
866,0.866,0.052672964,4.3168073
867,0.867,0.06581261,4.3128004
868,0.868,0.06316141,4.3220286
869,0.869,0.048587237,4.288913
870,0.87,0.05733335,4.27867
871,0.871,0.05209369,4.2810807
872,0.872,0.06517456,4.2835107
873,0.873,0.06344446,4.3100777
874,0.874,0.06653581,4.311191
875,0.875,0.079964004,4.2747183
876,0.876,0.080308765,4.2982454
877,0.877,0.07026892,4.3227882
878,0.878,0.056202177,4.352196
879,0.879,0.070914924,4.3910995
880,0.88,0.055394217,4.3690453
881,0.881,0.07321358,4.379659
882,0.882,0.06965012,4.3831935
883,0.883,0.060424563,4.398433
884,0.884,0.05979765,4.295104
885,0.885,0.060444646,4.3751283
886,0.886,0.05951474,4.3758907
887,0.887,0.07416578,4.3307753
888,0.888,0.06902912,4.343357
889,0.889,0.07182036,4.331384
890,0.89,0.06450153,4.3332305
891,0.891,0.06808827,4.347433
892,0.892,0.06670239,4.2746024
893,0.893,0.07673057,4.290333
894,0.894,0.06095597,4.298646
895,0.895,0.06355641,4.3086696
896,0.896,0.057673085,4.3530793
897,0.897,0.06313579,4.3017025
898,0.898,0.053700984,4.37304
899,0.899,0.055934153,4.358183
900,0.9,0.051204033,4.346371
901,0.901,0.05596721,4.34029
902,0.902,0.056046676,4.3198657
903,0.903,0.052784767,4.383305
904,0.904,0.058951713,4.385321
905,0.905,0.06004554,4.3895674
906,0.906,0.05350582,4.359701
907,0.907,0.05632648,4.3443294
908,0.908,0.05792209,4.355589
909,0.909,0.06025118,4.3588862
910,0.91,0.064433396,4.4246182
911,0.911,0.059891332,4.355584
912,0.912,0.07394724,4.386178
913,0.913,0.075831935,4.3815045
914,0.914,0.061590806,4.3162913
915,0.915,0.06733197,4.3039637
916,0.916,0.06634355,4.301357
917,0.917,0.069694914,4.2667613
918,0.918,0.071815535,4.270585
919,0.919,0.05678636,4.2388067
920,0.92,0.061258648,4.260453
921,0.921,0.07175112,4.252487
922,0.922,0.08418097,4.275493
923,0.923,0.08930431,4.2266364
924,0.924,0.06525255,4.252483
925,0.925,0.05892818,4.311329
926,0.926,0.05280885,4.317969
927,0.927,0.057840206,4.3064213
928,0.928,0.06216526,4.324851
929,0.929,0.05392653,4.294659
930,0.93,0.043349084,4.309096
931,0.931,0.04779083,4.3519917
932,0.932,0.054078512,4.3734913
933,0.933,0.04868231,4.3577967
934,0.934,0.053294756,4.383742
935,0.935,0.043536674,4.378667
936,0.936,0.057464257,4.328892
937,0.937,0.057519548,4.2955346
938,0.938,0.059503082,4.3273115
939,0.939,0.05096417,4.29509
940,0.94,0.054490566,4.299981
941,0.941,0.06875478,4.327014
942,0.942,0.06690571,4.2523937
943,0.943,0.070342086,4.305169
944,0.944,0.07348858,4.2973027
945,0.945,0.07285032,4.358072
946,0.946,0.06526141,4.377371
947,0.947,0.072053365,4.378562
948,0.948,0.06416462,4.3166165
949,0.949,0.059324086,4.331292
950,0.95,0.07060371,4.3359437
951,0.951,0.06487412,4.360168
952,0.952,0.06872198,4.36965
953,0.953,0.056105427,4.3704867
954,0.954,0.07137961,4.335714
955,0.955,0.06698341,4.340958
956,0.956,0.07140066,4.3664203
957,0.957,0.06892102,4.3214984
958,0.958,0.072592005,4.326353
959,0.959,0.06163771,4.3839297
960,0.96,0.07074601,4.3879204
961,0.961,0.051236756,4.3509884
962,0.962,0.059370834,4.382583
963,0.963,0.07634317,4.386109
964,0.964,0.07034784,4.3869953
965,0.965,0.050780114,4.3939457
966,0.966,0.05198818,4.41819
967,0.967,0.056970287,4.37302
968,0.968,0.062207084,4.376594
969,0.969,0.06464117,4.423387
970,0.97,0.05755069,4.3775287
971,0.971,0.07391519,4.405582
972,0.972,0.05630082,4.401988
973,0.973,0.05227312,4.3594933
974,0.974,0.056295685,4.3330007
975,0.975,0.05960596,4.352508
976,0.976,0.052601587,4.320322
977,0.977,0.04715897,4.292447
978,0.978,0.05835752,4.3155255
979,0.979,0.05057139,4.3350654
980,0.98,0.054285463,4.325357
981,0.981,0.06997549,4.286877
982,0.982,0.071813926,4.2861085
983,0.983,0.0693774,4.2378206
984,0.984,0.06848608,4.234722
985,0.985,0.05904772,4.215473
986,0.986,0.055476587,4.2280045
987,0.987,0.064510494,4.23502
988,0.988,0.062611796,4.238138
989,0.989,0.062750116,4.2504015
990,0.99,0.071916066,4.227915
991,0.991,0.060991045,4.225539
992,0.992,0.045812413,4.275899
993,0.993,0.049825285,4.2492933
994,0.994,0.044399027,4.292949
995,0.995,0.054288656,4.2604823
996,0.996,0.059161156,4.321047
997,0.997,0.05984499,4.329795
998,0.998,0.07594846,4.248511
999,0.999,0.07508204,4.251679
1000,1.0,0.07468532,4.2424135
1001,1.001,0.09009814,4.264253
1002,1.002,0.08801942,4.306379
1003,1.003,0.10445941,4.2840843
1004,1.004,0.09134937,4.330018
1005,1.005,0.084431894,4.3616643
1006,1.006,0.08086246,4.331749
1007,1.007,0.08493151,4.2779427
1008,1.008,0.07579992,4.243392
1009,1.009,0.07298428,4.242296
1010,1.01,0.05854046,4.302662
1011,1.011,0.06654189,4.2607875
1012,1.012,0.067689836,4.252669
1013,1.013,0.075519554,4.2807746
1014,1.014,0.073435865,4.255276
1015,1.015,0.07050541,4.2819605
1016,1.016,0.07250118,4.2363496
1017,1.017,0.0798041,4.256491
1018,1.018,0.08617257,4.1616173
1019,1.019,0.08593616,4.202364
1020,1.02,0.081911385,4.202027
1021,1.021,0.07332875,4.27251
1022,1.022,0.08558165,4.320332
1023,1.023,0.07765007,4.2652287
1024,1.024,0.07631591,4.258855
1025,1.025,0.10173138,4.261229
1026,1.026,0.07383617,4.2505236
1027,1.027,0.06942154,4.2130504
1028,1.028,0.0662206,4.2499924
1029,1.029,0.066239804,4.295151
1030,1.03,0.072773315,4.233503
1031,1.031,0.06850634,4.279747
1032,1.032,0.065788895,4.316297
1033,1.033,0.06707998,4.3279476
1034,1.034,0.07398554,4.294746
1035,1.035,0.0693749,4.293643
1036,1.036,0.075697675,4.33877
1037,1.037,0.07961775,4.30697
1038,1.038,0.07876381,4.31983
1039,1.039,0.07871684,4.306255
1040,1.04,0.08357527,4.2915506
1041,1.041,0.066263355,4.3080626
1042,1.042,0.06539412,4.231595
1043,1.043,0.062049862,4.2537575
1044,1.044,0.07065772,4.2095675
1045,1.045,0.06875645,4.2205563
1046,1.046,0.07342642,4.215673
1047,1.047,0.08615782,4.2717957
1048,1.048,0.0767366,4.320511
1049,1.049,0.07344137,4.3112345
1050,1.05,0.07529268,4.322647
1051,1.051,0.08180901,4.2813063
1052,1.052,0.069982916,4.286464
1053,1.053,0.068468355,4.316607
1054,1.054,0.08208126,4.2973456
1055,1.055,0.077624016,4.3306026
1056,1.056,0.08346524,4.3140326
1057,1.057,0.061457407,4.3120294
1058,1.058,0.069744654,4.3541207
1059,1.059,0.06470284,4.3425565
1060,1.06,0.07871684,4.374259
1061,1.061,0.06680715,4.336042
1062,1.062,0.06752998,4.306233
1063,1.063,0.059406843,4.281036
1064,1.064,0.06613239,4.2998605
1065,1.065,0.06871273,4.2855325
1066,1.066,0.06787828,4.289228
1067,1.067,0.0678638,4.3134084
1068,1.068,0.05892622,4.300819
1069,1.069,0.057589844,4.2867126
1070,1.07,0.07227602,4.2985106
1071,1.071,0.07930425,4.251616
1072,1.072,0.0743277,4.2707033
1073,1.073,0.072547406,4.2643857
1074,1.074,0.07781588,4.3044543
1075,1.075,0.069193035,4.319028
1076,1.076,0.06964182,4.290785
1077,1.077,0.07074356,4.3030195
1078,1.078,0.0680679,4.258588
1079,1.079,0.06495603,4.287596
1080,1.08,0.07547592,4.219742
1081,1.081,0.07382913,4.2263126
1082,1.082,0.08700695,4.2203913
1083,1.083,0.07848815,4.2472453
1084,1.084,0.10169729,4.2894154
1085,1.085,0.08014594,4.2548738
1086,1.086,0.07272406,4.2817855
1087,1.087,0.06834077,4.3398657
1088,1.088,0.07228642,4.3464737
1089,1.089,0.0613501,4.3686852
1090,1.09,0.05909762,4.37878
1091,1.091,0.05054624,4.3060393
1092,1.092,0.06091234,4.304419
1093,1.093,0.061175562,4.257821
1094,1.094,0.066871144,4.327893
1095,1.095,0.070797466,4.225037
1096,1.096,0.06778711,4.3176656
1097,1.097,0.06405373,4.3059435
1098,1.098,0.06651756,4.2384963
1099,1.099,0.071699545,4.2921968
1100,1.1,0.0687699,4.2884912
1101,1.101,0.07748092,4.2851925
1102,1.102,0.058079537,4.336771
1103,1.103,0.07271929,4.3509593
1104,1.104,0.06881947,4.253204
1105,1.105,0.07677877,4.2892966
1106,1.106,0.09308923,4.2374463
1107,1.107,0.07716248,4.2852836
1108,1.108,0.08629925,4.248227
1109,1.109,0.08054592,4.26196
1110,1.11,0.07972004,4.243813
1111,1.111,0.084045604,4.258602
1112,1.112,0.09022699,4.3218303
1113,1.113,0.09033967,4.284844
1114,1.114,0.07473019,4.3257685
1115,1.115,0.07754058,4.4055243
1116,1.116,0.086550705,4.3464227
1117,1.117,0.083590485,4.331754
1118,1.118,0.07266602,4.3102136
1119,1.119,0.0724645,4.341362
1120,1.12,0.06601167,4.3111086
1121,1.121,0.07694645,4.3148327
1122,1.122,0.073883906,4.307499
1123,1.123,0.079958946,4.2743864
1124,1.124,0.08241015,4.3361573
1125,1.125,0.07937928,4.31724
1126,1.126,0.06666945,4.3378105
1127,1.127,0.07252749,4.311319
1128,1.128,0.06862941,4.432117
1129,1.129,0.058565136,4.3988595
1130,1.13,0.05181892,4.422132
1131,1.131,0.05139332,4.3704314
1132,1.132,0.061665837,4.3800006
1133,1.133,0.05503412,4.3251038
1134,1.134,0.05187577,4.286162
1135,1.135,0.056181606,4.3215795
1136,1.136,0.063008405,4.3605137
1137,1.137,0.057213258,4.331312
1138,1.138,0.052653205,4.3326354
1139,1.139,0.06288996,4.3655634
1140,1.14,0.0695621,4.2935123
1141,1.141,0.05138657,4.3187556
1142,1.142,0.0610564,4.35244
1143,1.143,0.064194344,4.2732
1144,1.144,0.07350902,4.280414
1145,1.145,0.06345357,4.3471856
1146,1.146,0.06552216,4.352881
1147,1.147,0.06333413,4.3391747
1148,1.148,0.05878579,4.3491726
1149,1.149,0.063660905,4.3520355
1150,1.15,0.055487003,4.344386
1151,1.151,0.064458504,4.359824
1152,1.152,0.047836762,4.366974
1153,1.153,0.054099884,4.3064866
1154,1.154,0.06100905,4.2927547
1155,1.155,0.059048697,4.3349524
1156,1.156,0.06996062,4.2684126
1157,1.157,0.07295972,4.320386
1158,1.158,0.054392893,4.432604
1159,1.159,0.062352788,4.4336257
1160,1.16,0.059476852,4.4026594
1161,1.161,0.07108182,4.362603
1162,1.162,0.05759988,4.369703
1163,1.163,0.05140344,4.4237733
1164,1.164,0.056212462,4.424182
1165,1.165,0.069139555,4.348081
1166,1.166,0.06987795,4.2889504
1167,1.167,0.06726584,4.3022676
1168,1.168,0.07772522,4.3044677
1169,1.169,0.072218426,4.342698
1170,1.17,0.062785104,4.2940288
1171,1.171,0.05357059,4.315156
1172,1.172,0.056909382,4.2642055
1173,1.173,0.06317514,4.2981353
1174,1.174,0.06220801,4.322334
1175,1.175,0.063922755,4.2857103
1176,1.176,0.059348438,4.287756
1177,1.177,0.060674656,4.242059
1178,1.178,0.061363287,4.183498
1179,1.179,0.064225845,4.218443
1180,1.18,0.07047917,4.2698307
1181,1.181,0.0788093,4.249639
1182,1.182,0.07201565,4.234808
1183,1.183,0.0654118,4.2424574
1184,1.184,0.05911913,4.249485
1185,1.185,0.06712563,4.23875
1186,1.186,0.05888697,4.232153
1187,1.187,0.058951713,4.2752194
1188,1.188,0.06025406,4.304389
1189,1.189,0.06152696,4.2499456
1190,1.19,0.05101631,4.3180137
1191,1.191,0.06581612,4.2412696
1192,1.192,0.06837882,4.2191486
1193,1.193,0.05767108,4.2153187
1194,1.194,0.06480281,4.2256985
1195,1.195,0.05565134,4.237037
1196,1.196,0.073904246,4.256186
1197,1.197,0.06315226,4.262371
1198,1.198,0.06871946,4.2809734
1199,1.199,0.060455162,4.3455567
1200,1.2,0.06793701,4.322377
1201,1.201,0.05514952,4.323188
1202,1.202,0.057638,4.3433447
1203,1.203,0.056764983,4.359186
1204,1.204,0.061429184,4.3296657
1205,1.205,0.051071793,4.3653584
1206,1.206,0.048863623,4.315403
1207,1.207,0.047098875,4.333803
1208,1.208,0.055754066,4.2908187
1209,1.209,0.06423305,4.3501506
1210,1.21,0.068992265,4.3356094
1211,1.211,0.06955462,4.3495526
1212,1.212,0.074981906,4.3518243
1213,1.213,0.08033611,4.320378
1214,1.214,0.08177438,4.2883186
1215,1.215,0.06915794,4.277941
1216,1.216,0.0756442,4.294962
1217,1.217,0.071491264,4.2988634
1218,1.218,0.06819939,4.330293
1219,1.219,0.07754654,4.33583
1220,1.22,0.065402076,4.358938
1221,1.221,0.07179541,4.3300467
1222,1.222,0.06970155,4.3073645
1223,1.223,0.06272616,4.345071
1224,1.224,0.07958726,4.3463535
1225,1.225,0.07847931,4.237668
1226,1.226,0.059651516,4.2498045
1227,1.227,0.08143157,4.3012753
1228,1.228,0.07652465,4.3063574
1229,1.229,0.080374226,4.3610773
1230,1.23,0.086602785,4.347976
1231,1.231,0.09173263,4.3128753
1232,1.232,0.084738016,4.3174067
1233,1.233,0.091951005,4.2907844
1234,1.234,0.09800129,4.3435435
1235,1.235,0.090927005,4.3316226
1236,1.236,0.08497097,4.343887
1237,1.237,0.091024846,4.4002094
1238,1.238,0.08397474,4.3483934
1239,1.239,0.07131318,4.3380513
1240,1.24,0.06810185,4.308161
1241,1.241,0.06443698,4.3389974
1242,1.242,0.06888159,4.3489575
1243,1.243,0.068696745,4.3897285
1244,1.244,0.052477278,4.3323445
1245,1.245,0.056611024,4.3319054
1246,1.246,0.08043533,4.348391
1247,1.247,0.08373556,4.330494
1248,1.248,0.07978889,4.2786036
1249,1.249,0.081159264,4.313133
1250,1.25,0.08158331,4.256403
1251,1.251,0.08241225,4.331635
1252,1.252,0.08264407,4.2919607
1253,1.253,0.09305259,4.3764486
1254,1.254,0.087842606,4.350848
1255,1.255,0.08410885,4.3355703
1256,1.256,0.08429761,4.334133
1257,1.257,0.09912135,4.308689
1258,1.258,0.07236952,4.3132615
1259,1.259,0.08130797,4.336206
1260,1.26,0.076637864,4.355897
1261,1.261,0.08652666,4.3506403
1262,1.262,0.078036174,4.384903
1263,1.263,0.090393394,4.3137827
1264,1.264,0.08237648,4.3584366
1265,1.265,0.093985826,4.377204
1266,1.266,0.09284366,4.352151
1267,1.267,0.09221275,4.3127017
1268,1.268,0.0851775,4.341915
1269,1.269,0.08873554,4.335917
1270,1.27,0.08079095,4.317901
1271,1.271,0.07377822,4.356853
1272,1.272,0.08038358,4.3674455
1273,1.273,0.072989024,4.387367
1274,1.274,0.075178206,4.3543525
1275,1.275,0.07849919,4.420913
1276,1.276,0.07332953,4.4208922
1277,1.277,0.08336893,4.3874025
1278,1.278,0.07500194,4.4015756
1279,1.279,0.075168215,4.3852487
1280,1.28,0.08845045,4.3661127
1281,1.281,0.08458167,4.3540497
1282,1.282,0.08063198,4.3603263
1283,1.283,0.08473256,4.3890543
1284,1.284,0.08180759,4.4294677
1285,1.285,0.090404265,4.407681
1286,1.286,0.1021368,4.3752117
1287,1.287,0.10775548,4.3266916
1288,1.288,0.1123411,4.3211403
1289,1.289,0.104445025,4.346078
1290,1.29,0.09157561,4.371163
1291,1.291,0.08665482,4.2710614
1292,1.292,0.08445927,4.331964
1293,1.293,0.08394238,4.3364444
1294,1.294,0.087985925,4.3631377
1295,1.295,0.08265176,4.3281426
1296,1.296,0.09080361,4.3643208
1297,1.297,0.10661391,4.326393
1298,1.298,0.1098122,4.2753463
1299,1.299,0.09103754,4.29652
1300,1.3,0.080527976,4.328049
1301,1.301,0.08941168,4.3061957
1302,1.302,0.08509468,4.272136
1303,1.303,0.081016,4.305786
1304,1.304,0.08591194,4.332457
1305,1.305,0.08677547,4.3617263
1306,1.306,0.08208478,4.3430715
1307,1.307,0.072751075,4.3712783
1308,1.308,0.08647589,4.368288
1309,1.309,0.077521935,4.353421
1310,1.31,0.08111225,4.3615484
1311,1.311,0.07557388,4.398555
1312,1.312,0.073693566,4.382241
1313,1.313,0.08617459,4.400529
1314,1.314,0.08944788,4.3490243
1315,1.315,0.08579547,4.4067035
1316,1.316,0.09391693,4.351521
1317,1.317,0.09336079,4.3072515
1318,1.318,0.08708331,4.3334856
1319,1.319,0.081331424,4.379724
1320,1.32,0.08572538,4.3235855
1321,1.321,0.085271776,4.412782
1322,1.322,0.09620128,4.369091
1323,1.323,0.08802271,4.3958664
1324,1.324,0.08640902,4.4077163
1325,1.325,0.08103953,4.320251
1326,1.326,0.08144363,4.2933264
1327,1.327,0.079175144,4.327401
1328,1.328,0.07433858,4.3398347
1329,1.329,0.066608734,4.372109
1330,1.33,0.062118754,4.3155913
1331,1.331,0.069142066,4.3547025
1332,1.332,0.06983079,4.35966
1333,1.333,0.07864484,4.369962
1334,1.334,0.08684737,4.34319
1335,1.335,0.0772613,4.3611035
1336,1.336,0.08933602,4.3482065
1337,1.337,0.08169022,4.4028025
1338,1.338,0.08619739,4.3599153
1339,1.339,0.08661613,4.337068
1340,1.34,0.09690168,4.3300953
1341,1.341,0.10223126,4.2531276
1342,1.342,0.09409093,4.325403
1343,1.343,0.09550846,4.315863
1344,1.344,0.09618686,4.318519
1345,1.345,0.09555867,4.3229556
1346,1.346,0.09245125,4.317377
1347,1.347,0.09292268,4.3213196
1348,1.348,0.09550846,4.342681
1349,1.349,0.07014049,4.3368344
1350,1.35,0.09613096,4.349469
1351,1.351,0.09907644,4.3170877
1352,1.352,0.082256414,4.27379
1353,1.353,0.090646885,4.2644014
1354,1.354,0.10077753,4.241253
1355,1.355,0.10571015,4.2126765
1356,1.356,0.100615665,4.220314
1357,1.357,0.09553448,4.286692
1358,1.358,0.099203534,4.301533
1359,1.359,0.091348745,4.264569
1360,1.36,0.09676798,4.3201933
1361,1.361,0.10540077,4.308543
1362,1.362,0.098243386,4.3282537
1363,1.363,0.10220751,4.267468
1364,1.364,0.107064016,4.3241744
1365,1.365,0.10868373,4.3164454
1366,1.366,0.118111104,4.319395
1367,1.367,0.10045239,4.260618
1368,1.368,0.09422597,4.2932587
1369,1.369,0.08618599,4.2894125
1370,1.37,0.09139429,4.3107557
1371,1.371,0.08139536,4.320002
1372,1.372,0.08680543,4.330536
1373,1.373,0.097323656,4.291779
1374,1.374,0.08514425,4.3575263
1375,1.375,0.0792131,4.2856607
1376,1.376,0.09368586,4.334096
1377,1.377,0.09887322,4.3269305
1378,1.378,0.107037015,4.288794
1379,1.379,0.0928922,4.2769513
1380,1.38,0.09301656,4.305136
1381,1.381,0.102273084,4.2938933
1382,1.382,0.087954395,4.2544346
1383,1.383,0.08250548,4.286511
1384,1.384,0.090684496,4.319644
1385,1.385,0.09014048,4.319128
1386,1.386,0.09767933,4.2915945
1387,1.387,0.09664307,4.3206
1388,1.388,0.08452562,4.2707763
1389,1.389,0.08577795,4.3181543
1390,1.39,0.096483245,4.31067
1391,1.391,0.09727732,4.33262
1392,1.392,0.08885077,4.351202
1393,1.393,0.09422781,4.33161
1394,1.394,0.08559853,4.274283
1395,1.395,0.08761465,4.313347
1396,1.396,0.098642044,4.3036466
1397,1.397,0.09283494,4.3216596
1398,1.398,0.08700296,4.337034
1399,1.399,0.08178286,4.299819
1400,1.4,0.07877115,4.3377533
1401,1.401,0.06916129,4.3320813
1402,1.402,0.06740747,4.3011436
1403,1.403,0.07172372,4.311534
1404,1.404,0.07926707,4.2755556
1405,1.405,0.07750628,4.229711
1406,1.406,0.074601695,4.279793
1407,1.407,0.0796671,4.2765975
1408,1.408,0.090367176,4.236918
1409,1.409,0.08404973,4.269025
1410,1.41,0.07383304,4.2714357
1411,1.411,0.09957049,4.245685
1412,1.412,0.110413216,4.2138643
1413,1.413,0.104235075,4.2527547
1414,1.414,0.10612488,4.2502646
1415,1.415,0.08814869,4.2398524
1416,1.416,0.095839515,4.2076297
1417,1.417,0.09443553,4.204123
1418,1.418,0.09588654,4.2318563
1419,1.419,0.08578132,4.241015
1420,1.42,0.090157144,4.230567
1421,1.421,0.07566178,4.301899
1422,1.422,0.08632603,4.2640758
1423,1.423,0.08493832,4.2893047
1424,1.424,0.07306817,4.2569833
1425,1.425,0.06911447,4.2917924
1426,1.426,0.071883105,4.3031626
1427,1.427,0.078243285,4.3137293
1428,1.428,0.0783636,4.3403945
1429,1.429,0.07921893,4.412935
1430,1.43,0.07160921,4.3334904
1431,1.431,0.08612024,4.3120666
1432,1.432,0.07549277,4.290551
1433,1.433,0.08279918,4.312531
1434,1.434,0.07257131,4.28133
1435,1.435,0.075805254,4.2973375
1436,1.436,0.07254581,4.277451
1437,1.437,0.08781036,4.2913065
1438,1.438,0.07680661,4.308492
1439,1.439,0.07041354,4.2714286
1440,1.44,0.074204735,4.2956834
1441,1.441,0.075959116,4.319621
1442,1.442,0.070200615,4.3318644
1443,1.443,0.06644192,4.3006263
1444,1.444,0.063788794,4.2933774
1445,1.445,0.065044954,4.3176007
1446,1.446,0.074318364,4.290422
1447,1.447,0.06526318,4.3077855
1448,1.448,0.070535734,4.342354
1449,1.449,0.060617477,4.3417006
1450,1.45,0.06321081,4.3646226
1451,1.451,0.058081526,4.2748814
1452,1.452,0.060424563,4.3264575
1453,1.453,0.058241524,4.310696
1454,1.454,0.060687993,4.2855353
1455,1.455,0.07714825,4.3652134
1456,1.456,0.068150215,4.3289886
1457,1.457,0.071911246,4.3773527
1458,1.458,0.065383516,4.3282495
1459,1.459,0.07005061,4.387296
1460,1.46,0.066108786,4.3173513
1461,1.461,0.055153713,4.3618817
1462,1.462,0.056397237,4.2967978
1463,1.463,0.06378698,4.257172
1464,1.464,0.0566294,4.316539
1465,1.465,0.048948713,4.3350673
1466,1.466,0.055136945,4.324169
1467,1.467,0.060085956,4.3380795
1468,1.468,0.04890146,4.3649793
1469,1.469,0.058240533,4.3703227
1470,1.47,0.059989683,4.4070683
1471,1.471,0.06706878,4.347997
1472,1.472,0.073919885,4.3669214
1473,1.473,0.07005226,4.318308
1474,1.474,0.062384296,4.335259
1475,1.475,0.06098157,4.3455815
1476,1.476,0.067490585,4.3584785
1477,1.477,0.06593545,4.351263
1478,1.478,0.06427712,4.3343244
1479,1.479,0.07122478,4.308329
1480,1.48,0.06615161,4.3043365
1481,1.481,0.066008165,4.344599
1482,1.482,0.0664106,4.3207407
1483,1.483,0.066502795,4.301591
1484,1.484,0.0765692,4.267285
1485,1.485,0.077052295,4.2964735
1486,1.486,0.08005719,4.3084965
1487,1.487,0.07361823,4.3345356
1488,1.488,0.06239634,4.339679
1489,1.489,0.07709879,4.3527546
1490,1.49,0.072146356,4.330121
1491,1.491,0.068540074,4.329276
1492,1.492,0.07293516,4.323454
1493,1.493,0.07795688,4.3915625
1494,1.494,0.07002007,4.317527
1495,1.495,0.07075908,4.3147206
1496,1.496,0.07952841,4.3472233
1497,1.497,0.08061191,4.306457
1498,1.498,0.08652466,4.363514
1499,1.499,0.08160811,4.3337455
1500,1.5,0.07513745,4.364149
1501,1.501,0.07987071,4.3328686
1502,1.502,0.086356156,4.3104486
1503,1.503,0.0821045,4.3269367
1504,1.504,0.07655335,4.30176
1505,1.505,0.07171567,4.3061023
1506,1.506,0.0714298,4.2991457
1507,1.507,0.07717821,4.2977424
1508,1.508,0.084338054,4.2255673
1509,1.509,0.0782455,4.2514205
1510,1.51,0.0941996,4.2506742
1511,1.511,0.088794805,4.2373257
1512,1.512,0.09406082,4.294048
1513,1.513,0.08185279,4.3327775
1514,1.514,0.08521075,4.332841
1515,1.515,0.0964443,4.315805
1516,1.516,0.10085665,4.303046
1517,1.517,0.09675245,4.262123
1518,1.518,0.096719585,4.250294
1519,1.519,0.09558166,4.194144
1520,1.52,0.105565704,4.306463
1521,1.521,0.10135514,4.29959
1522,1.522,0.10055821,4.243574
1523,1.523,0.10057085,4.2349873
1524,1.524,0.097899795,4.265052
1525,1.525,0.09801662,4.326395
1526,1.526,0.089129396,4.3692355
1527,1.527,0.09887439,4.3172555
1528,1.528,0.10270282,4.3019824
1529,1.529,0.10011177,4.282333
1530,1.53,0.09207287,4.3223443
1531,1.531,0.09607202,4.324469
1532,1.532,0.09539462,4.2733393
1533,1.533,0.087681256,4.254538
1534,1.534,0.10481458,4.2993007
1535,1.535,0.09460735,4.301055
1536,1.536,0.07984392,4.3255777
1537,1.537,0.08484163,4.338826
1538,1.538,0.078757204,4.324077
1539,1.539,0.071626954,4.292063
1540,1.54,0.0740722,4.275807
1541,1.541,0.078532316,4.313645
1542,1.542,0.06723318,4.3678946
1543,1.543,0.07585099,4.287336
1544,1.544,0.07712053,4.27836
1545,1.545,0.08281105,4.3004403
1546,1.546,0.079494976,4.2697325
1547,1.547,0.07726877,4.294504
1548,1.548,0.0788848,4.298635
1549,1.549,0.072979525,4.3174806
1550,1.55,0.06472159,4.3131657
1551,1.551,0.060975883,4.316394
1552,1.552,0.061556075,4.358978
1553,1.553,0.056310058,4.3194275
1554,1.554,0.0682917,4.2811456
1555,1.555,0.06332227,4.2756605
1556,1.556,0.072480455,4.3009872
1557,1.557,0.07003988,4.3251195
1558,1.558,0.07542383,4.290397
1559,1.559,0.080581784,4.321888
1560,1.56,0.0764506,4.3375406
1561,1.561,0.07934068,4.36494
1562,1.562,0.06872618,4.280088
1563,1.563,0.07107206,4.34955
1564,1.564,0.06811289,4.3073
1565,1.565,0.062629335,4.284158
1566,1.566,0.073088735,4.2654276
1567,1.567,0.07008608,4.2643123
1568,1.568,0.0659074,4.292727
1569,1.569,0.06178382,4.3632903
1570,1.57,0.07603289,4.3145146
1571,1.571,0.061871693,4.2999187
1572,1.572,0.053927604,4.332909
1573,1.573,0.057393804,4.3319807
1574,1.574,0.05622891,4.3857956
1575,1.575,0.050244607,4.401071
1576,1.576,0.05658243,4.3025165
1577,1.577,0.044595167,4.3250227
1578,1.578,0.05906436,4.334056
1579,1.579,0.05546825,4.3057957
1580,1.58,0.055475544,4.3451753
1581,1.581,0.050304387,4.342896
1582,1.582,0.056185722,4.3124046
1583,1.583,0.061826836,4.3384213
1584,1.584,0.07099313,4.2879734
1585,1.585,0.060577415,4.233968
1586,1.586,0.06628864,4.347248
1587,1.587,0.05788316,4.3273177
1588,1.588,0.07301199,4.303161
1589,1.589,0.05563784,4.2726626
1590,1.59,0.06722286,4.304394
1591,1.591,0.06588809,4.300985
1592,1.592,0.057068612,4.216975
1593,1.593,0.061206732,4.230198
1594,1.594,0.060839232,4.237969
1595,1.595,0.05970091,4.253159
1596,1.596,0.063240975,4.211772
1597,1.597,0.060317334,4.2462826
1598,1.598,0.0791861,4.31209
1599,1.599,0.07405035,4.2919927
1600,1.6,0.0700836,4.28933
1601,1.601,0.077775024,4.282349
1602,1.602,0.06997218,4.261647
1603,1.603,0.068732075,4.3339434
1604,1.604,0.0762947,4.2529736
1605,1.605,0.08175105,4.283472
1606,1.606,0.08880066,4.296536
1607,1.607,0.08547623,4.2486215
1608,1.608,0.08781562,4.2842016
1609,1.609,0.10002628,4.261269
1610,1.61,0.11254619,4.2518
1611,1.611,0.11523939,4.2204027
1612,1.612,0.10727219,4.266592
1613,1.613,0.098620355,4.251175
1614,1.614,0.09806201,4.256135
1615,1.615,0.10358149,4.235802
1616,1.616,0.09157119,4.249908
1617,1.617,0.07951605,4.248857
1618,1.618,0.068791755,4.2490034
1619,1.619,0.074535035,4.2904844
1620,1.62,0.08281035,4.2931027
1621,1.621,0.070597984,4.2985854
1622,1.622,0.07708605,4.3370385
1623,1.623,0.077072546,4.2887225
1624,1.624,0.08458373,4.2136025
1625,1.625,0.08240664,4.3084006
1626,1.626,0.08113149,4.3141384
1627,1.627,0.08201222,4.309653
1628,1.628,0.07656694,4.3449035
1629,1.629,0.08172064,4.3820243
1630,1.63,0.08568424,4.3986797
1631,1.631,0.079995796,4.4261327
1632,1.632,0.06662262,4.385465
1633,1.633,0.08564106,4.4176464
1634,1.634,0.08062122,4.3310394
1635,1.635,0.091665186,4.3128133
1636,1.636,0.084186465,4.2941637
1637,1.637,0.082214944,4.260655
1638,1.638,0.08189515,4.2515593
1639,1.639,0.08726365,4.250614
1640,1.64,0.081098,4.3056955
1641,1.641,0.086376905,4.2679405
1642,1.642,0.07490092,4.277955
1643,1.643,0.08044467,4.282086
1644,1.644,0.06967418,4.299021
1645,1.645,0.079442605,4.3118563
1646,1.646,0.0754246,4.344717
1647,1.647,0.081224754,4.371078
1648,1.648,0.094107516,4.353315
1649,1.649,0.10346145,4.313364
1650,1.65,0.09008083,4.3409348
1651,1.651,0.088013515,4.3371487
1652,1.652,0.088965826,4.3520856
1653,1.653,0.10526634,4.3464303
1654,1.654,0.08770762,4.333935
1655,1.655,0.0908087,4.3586364
1656,1.656,0.10318231,4.290328
1657,1.657,0.10685434,4.3237243
1658,1.658,0.10077294,4.242593
1659,1.659,0.09954378,4.314832
1660,1.66,0.09181828,4.3171988
1661,1.661,0.09096069,4.317756
1662,1.662,0.07525812,4.3621755
1663,1.663,0.0763144,4.341258
1664,1.664,0.0908157,4.302523
1665,1.665,0.08499409,4.3462944
1666,1.666,0.08361399,4.457226
1667,1.667,0.0881913,4.408072
1668,1.668,0.08724775,4.3254843
1669,1.669,0.085966416,4.3568544
1670,1.67,0.0815819,4.3598638
1671,1.671,0.08884426,4.358319
1672,1.672,0.06883459,4.4063616
1673,1.673,0.08038358,4.36521
1674,1.674,0.07287094,4.3683143
1675,1.675,0.07258245,4.314908
1676,1.676,0.07989024,4.285815
1677,1.677,0.07674413,4.31002
1678,1.678,0.07819525,4.3474727
1679,1.679,0.07176159,4.3376865
1680,1.68,0.083144695,4.356333
1681,1.681,0.084917895,4.333822
1682,1.682,0.07708454,4.33345
1683,1.683,0.0777267,4.282281
1684,1.684,0.08568357,4.289386
1685,1.685,0.0729518,4.3220115
1686,1.686,0.082984656,4.3288193
1687,1.687,0.08320932,4.339343
1688,1.688,0.084388755,4.3623247
1689,1.689,0.09709831,4.3064365
1690,1.69,0.10080391,4.360834
1691,1.691,0.08636285,4.333304
1692,1.692,0.093716085,4.2895427
1693,1.693,0.08659277,4.298218
1694,1.694,0.0685114,4.322384
1695,1.695,0.07600324,4.3603387
1696,1.696,0.057071652,4.3339586
1697,1.697,0.058086503,4.2997613
1698,1.698,0.062432457,4.3472366
1699,1.699,0.06016286,4.351772
1700,1.7,0.07144193,4.3496876
1701,1.701,0.080357686,4.31818
1702,1.702,0.069723934,4.328891
1703,1.703,0.091675274,4.3391123
1704,1.704,0.08729345,4.281442
1705,1.705,0.08204182,4.2899003
1706,1.706,0.07603441,4.3182545
1707,1.707,0.07995533,4.2983274
1708,1.708,0.08531311,4.3382006
1709,1.709,0.07338705,4.329655
1710,1.71,0.07700352,4.2944727
1711,1.711,0.08485934,4.29251
1712,1.712,0.079878666,4.3480535
1713,1.713,0.07603593,4.3087697
1714,1.714,0.07514822,4.244415
1715,1.715,0.07870875,4.264519
1716,1.716,0.059668954,4.3057785
1717,1.717,0.063032255,4.2952857
1718,1.718,0.05638596,4.332829
1719,1.719,0.060524914,4.3012147
1720,1.72,0.07263101,4.297522
1721,1.721,0.06979933,4.2931504
1722,1.722,0.07056605,4.284823
1723,1.723,0.06650714,4.3303647
1724,1.724,0.06755393,4.3140297
1725,1.725,0.058767103,4.2925153
1726,1.726,0.06674916,4.327385
1727,1.727,0.07641052,4.2721753
1728,1.728,0.07663938,4.2976174
1729,1.729,0.064445056,4.331215
1730,1.73,0.065420635,4.326436
1731,1.731,0.06437237,4.340936
1732,1.732,0.0675813,4.302123
1733,1.733,0.066420175,4.30885
1734,1.734,0.061697695,4.279145
1735,1.735,0.05574681,4.2958546
1736,1.736,0.05739884,4.3883176
1737,1.737,0.060898107,4.4133806
1738,1.738,0.073264085,4.385152
1739,1.739,0.08172206,4.3879867
1740,1.74,0.06910443,4.394691
1741,1.741,0.073341355,4.3895006
1742,1.742,0.06432566,4.413466
1743,1.743,0.070981726,4.36762
1744,1.744,0.06944401,4.379125
1745,1.745,0.056856547,4.384229
1746,1.746,0.058500953,4.347219
1747,1.747,0.051939238,4.318121
1748,1.748,0.059914485,4.318653
1749,1.749,0.05501731,4.35576
1750,1.75,0.061763234,4.375414
1751,1.751,0.065264955,4.3199625
1752,1.752,0.053726807,4.328805
1753,1.753,0.06717384,4.3066025
1754,1.754,0.066267714,4.2747297
1755,1.755,0.059650548,4.3356786
1756,1.756,0.059134774,4.3420005
1757,1.757,0.06000991,4.338563
1758,1.758,0.0471136,4.3836265
1759,1.759,0.051343814,4.340496
1760,1.76,0.05379024,4.377774
1761,1.761,0.057117205,4.344112
1762,1.762,0.062123407,4.369644
1763,1.763,0.07004401,4.3419633
1764,1.764,0.069384895,4.350971
1765,1.765,0.07067899,4.3791327
1766,1.766,0.089965254,4.3935833
1767,1.767,0.0715446,4.380669
1768,1.768,0.064494364,4.3520017
1769,1.769,0.057554707,4.365822
1770,1.77,0.07239987,4.3492475
1771,1.771,0.0744784,4.420278
1772,1.772,0.07372336,4.4462256
1773,1.773,0.07791461,4.418573
1774,1.774,0.07494875,4.3772225
1775,1.775,0.07560141,4.4102983
1776,1.776,0.07625757,4.4127617
1777,1.777,0.07283841,4.4177017
1778,1.778,0.087384775,4.3808303
1779,1.779,0.07374296,4.3824716
1780,1.78,0.071797825,4.3152704
1781,1.781,0.08364509,4.351933
1782,1.782,0.07447763,4.385038
1783,1.783,0.077715546,4.375379
1784,1.784,0.08039148,4.353505
1785,1.785,0.07198194,4.323757
1786,1.786,0.073252246,4.288583
1787,1.787,0.071904816,4.298811
1788,1.788,0.055508874,4.2755404
1789,1.789,0.07346813,4.238814
1790,1.79,0.07406829,4.2159286
1791,1.791,0.07703204,4.2062535
1792,1.792,0.07949788,4.218905
1793,1.793,0.07788271,4.1974006
1794,1.794,0.06316141,4.2648664
1795,1.795,0.07517667,4.270591
1796,1.796,0.073541254,4.3424196
1797,1.797,0.07273121,4.2567954
1798,1.798,0.065448016,4.2339206
1799,1.799,0.06048097,4.2275953
1800,1.8,0.072053365,4.2068496
1801,1.801,0.06123411,4.327866
1802,1.802,0.07597738,4.3574166
1803,1.803,0.07715649,4.331854
1804,1.804,0.052249897,4.3299136
1805,1.805,0.07205497,4.334495
1806,1.806,0.056119848,4.2902684
1807,1.807,0.05923536,4.340094
1808,1.808,0.065543324,4.34058
1809,1.809,0.0556638,4.334247
1810,1.81,0.049144335,4.337852
1811,1.811,0.05003365,4.3171196
1812,1.812,0.060677513,4.334747
1813,1.813,0.055240624,4.344424
1814,1.814,0.052565314,4.337536
1815,1.815,0.048637174,4.3828726
1816,1.816,0.047298484,4.34741
1817,1.817,0.046715666,4.344418
1818,1.818,0.05569806,4.355796
1819,1.819,0.057013895,4.3668256
1820,1.82,0.0618259,4.3933964
1821,1.821,0.07518897,4.3822527
1822,1.822,0.052933477,4.372268
1823,1.823,0.0577502,4.3888264
1824,1.824,0.056695703,4.3814883
1825,1.825,0.06437685,4.404565
1826,1.826,0.063425325,4.3709664
1827,1.827,0.0455048,4.398868
1828,1.828,0.0632967,4.371842
1829,1.829,0.062033094,4.43364
1830,1.83,0.07615518,4.4538
1831,1.831,0.064790316,4.4036894
1832,1.832,0.07312827,4.412963
1833,1.833,0.06629824,4.3891716
1834,1.834,0.06609567,4.404004
1835,1.835,0.06314952,4.3726206
1836,1.836,0.07366925,4.338166
1837,1.837,0.06480637,4.3073196
1838,1.838,0.057401862,4.297119
1839,1.839,0.078701414,4.320293
1840,1.84,0.06265424,4.2994967
1841,1.841,0.07115008,4.3252444
1842,1.842,0.073135376,4.3741965
1843,1.843,0.06545773,4.3602333
1844,1.844,0.060658462,4.317147
1845,1.845,0.0755777,4.3568788
1846,1.846,0.06202564,4.2761903
1847,1.847,0.066008165,4.2736115
1848,1.848,0.07268033,4.344517
1849,1.849,0.061918385,4.2772045
1850,1.85,0.081134334,4.314617
1851,1.851,0.06029625,4.332872
1852,1.852,0.07607469,4.3351097
1853,1.853,0.07369043,4.3160524
1854,1.854,0.06512133,4.318563
1855,1.855,0.06007826,4.3276043
1856,1.856,0.058161084,4.357164
1857,1.857,0.06039777,4.2956743
1858,1.858,0.052372538,4.285616
1859,1.859,0.05334787,4.3336782
1860,1.86,0.042544283,4.316154
1861,1.861,0.04676513,4.318155
1862,1.862,0.04552766,4.348089
1863,1.863,0.048161883,4.316658
1864,1.864,0.04971147,4.342486
1865,1.865,0.04749725,4.3322163
1866,1.866,0.048897915,4.331279
1867,1.867,0.054401394,4.3446555
1868,1.868,0.055864878,4.307494
1869,1.869,0.051479843,4.3596005
1870,1.87,0.05842087,4.3627768
1871,1.871,0.060210876,4.317967
1872,1.872,0.052760676,4.318248
1873,1.873,0.05074937,4.329269
1874,1.874,0.06431128,4.297385
1875,1.875,0.05638596,4.313035
1876,1.876,0.06119162,4.3216805
1877,1.877,0.066042304,4.3093357
1878,1.878,0.05187243,4.3543477
1879,1.879,0.04857177,4.3262453
1880,1.88,0.06809082,4.328615
1881,1.881,0.06964016,4.29935
1882,1.882,0.057624962,4.297681
1883,1.883,0.06528798,4.2829156
1884,1.884,0.07372336,4.3187666
1885,1.885,0.077145256,4.3161244
1886,1.886,0.075432256,4.309082
1887,1.887,0.07092063,4.3137283
1888,1.888,0.06392095,4.295224
1889,1.889,0.07173178,4.253473
1890,1.89,0.0639336,4.2567825
1891,1.891,0.054335482,4.2379193
1892,1.892,0.06302767,4.285002
1893,1.893,0.070498034,4.3025403
1894,1.894,0.060217593,4.269942
1895,1.895,0.062967114,4.2512016
1896,1.896,0.0718268,4.2265396
1897,1.897,0.059827603,4.232831
1898,1.898,0.05445343,4.2265043
1899,1.899,0.05160992,4.199943
1900,1.9,0.057628974,4.225567
1901,1.901,0.060371928,4.252973
1902,1.902,0.060929418,4.2501454
1903,1.903,0.066614814,4.271804
1904,1.904,0.06403297,4.322145
1905,1.905,0.07083501,4.3495173
1906,1.906,0.06264318,4.336406
1907,1.907,0.066829644,4.3292828
1908,1.908,0.06602655,4.3274984
1909,1.909,0.060566917,4.195962
1910,1.91,0.054637805,4.220862
1911,1.911,0.05957104,4.269133
1912,1.912,0.07051033,4.220074
1913,1.913,0.060199354,4.219717
1914,1.914,0.06418174,4.221011
1915,1.915,0.06830862,4.2784815
1916,1.916,0.06457497,4.304936
1917,1.917,0.06632961,4.2517824
1918,1.918,0.074725546,4.235779
1919,1.919,0.075446814,4.261904
1920,1.92,0.07697124,4.2371264
1921,1.921,0.07517283,4.263777
1922,1.922,0.069970526,4.271912
1923,1.923,0.080357686,4.260959
1924,1.924,0.09072209,4.2982216
1925,1.925,0.07458309,4.3551626
1926,1.926,0.077826284,4.341059
1927,1.927,0.08703086,4.4004016
1928,1.928,0.074679896,4.342403
1929,1.929,0.08950214,4.3526325
1930,1.93,0.09521754,4.406683
1931,1.931,0.08140246,4.328187
1932,1.932,0.089132644,4.384548
1933,1.933,0.101730816,4.4125295
1934,1.934,0.10000028,4.3301377
1935,1.935,0.1086566,4.3207045
1936,1.936,0.09536917,4.3115597
1937,1.937,0.086253695,4.2909093
1938,1.938,0.09203771,4.277448
1939,1.939,0.096592814,4.298474
1940,1.94,0.10814848,4.3328905
1941,1.941,0.09586846,4.3794217
1942,1.942,0.09176539,4.393578
1943,1.943,0.08570245,4.396057
1944,1.944,0.0840683,4.3545637
1945,1.945,0.084441476,4.335072
1946,1.946,0.091134,4.4038963
1947,1.947,0.091791205,4.3762693
1948,1.948,0.07852864,4.3562665
1949,1.949,0.08223322,4.367928
1950,1.95,0.09220774,4.3115444
1951,1.951,0.079779476,4.311939
1952,1.952,0.07512822,4.2800426
1953,1.953,0.08399263,4.2437334
1954,1.954,0.09497016,4.2301483
1955,1.955,0.09624874,4.253655
1956,1.956,0.0944961,4.3000474
1957,1.957,0.09792104,4.2948384
1958,1.958,0.09555807,4.264281
1959,1.959,0.0933744,4.2868843
1960,1.96,0.09570916,4.3529677
1961,1.961,0.097248204,4.3040504
1962,1.962,0.09309606,4.304815
1963,1.963,0.0994055,4.309134
1964,1.964,0.09457436,4.3244853
1965,1.965,0.090137914,4.3239594
1966,1.966,0.09018151,4.334446
1967,1.967,0.08774517,4.325217
1968,1.968,0.09270348,4.3984914
1969,1.969,0.08986562,4.373731
1970,1.97,0.0957303,4.364608
1971,1.971,0.08156348,4.375453
1972,1.972,0.073395714,4.3544073
1973,1.973,0.07760465,4.378636
1974,1.974,0.08345555,4.4236073
1975,1.975,0.0923374,4.39935
1976,1.976,0.07852128,4.3735294
1977,1.977,0.09647067,4.360241
1978,1.978,0.08189515,4.4106536
1979,1.979,0.08118775,4.369602
1980,1.98,0.09045667,4.418728
1981,1.981,0.097419225,4.4206705
1982,1.982,0.080616206,4.387924
1983,1.983,0.09244375,4.376395
1984,1.984,0.07044062,4.430303
1985,1.985,0.08311063,4.4148107
1986,1.986,0.08063556,4.3986845
1987,1.987,0.081356294,4.385431
1988,1.988,0.08800629,4.3761272
1989,1.989,0.08397818,4.3900576
1990,1.99,0.09111814,4.4238715
1991,1.991,0.08930561,4.403634
1992,1.992,0.098098546,4.400544
1993,1.993,0.099399686,4.400669
1994,1.994,0.09968767,4.372618
1995,1.995,0.091026746,4.381642
1996,1.996,0.09304949,4.411116
1997,1.997,0.08157481,4.3930182
1998,1.998,0.0828278,4.4384956
1999,1.999,0.066293,4.441498
2000,2.0,0.07400037,4.418324
2001,2.001,0.074288025,4.3732944
2002,2.002,0.056920554,4.3778434
2003,2.003,0.065101795,4.3591323
2004,2.004,0.07806357,4.4174895
2005,2.005,0.07454201,4.4071403
2006,2.006,0.079884455,4.4041057
2007,2.007,0.0786757,4.4067554
2008,2.008,0.06914039,4.4779496
2009,2.009,0.093999974,4.3771887
2010,2.01,0.0920961,4.3606405
2011,2.011,0.07400975,4.3942084
2012,2.012,0.07053,4.3919363
2013,2.013,0.071889535,4.3619556
2014,2.014,0.080608316,4.3529716
2015,2.015,0.08553031,4.292233
2016,2.016,0.09754196,4.3233733
2017,2.017,0.090100706,4.339281
2018,2.018,0.08143085,4.3349566
2019,2.019,0.072759815,4.31309
2020,2.02,0.07729271,4.3490114
2021,2.021,0.06742719,4.3055983
2022,2.022,0.07692467,4.352261
2023,2.023,0.087301396,4.3604403
2024,2.024,0.07990471,4.3653936
2025,2.025,0.07343744,4.3996544
2026,2.026,0.07835401,4.379309
2027,2.027,0.07149935,4.3948836
2028,2.028,0.06959533,4.365007
2029,2.029,0.07046441,4.3746505
2030,2.03,0.07697574,4.33401
2031,2.031,0.07017838,4.382224
2032,2.032,0.064558856,4.3952255
2033,2.033,0.07376725,4.360128
2034,2.034,0.08823847,4.3261967
2035,2.035,0.07651332,4.395158
2036,2.036,0.08308002,4.3589864
2037,2.037,0.08327528,4.325679
2038,2.038,0.08775703,4.334919
2039,2.039,0.083725214,4.36078
2040,2.04,0.08098674,4.3990808
2041,2.041,0.087730676,4.332064
2042,2.042,0.09726366,4.383941
2043,2.043,0.08041449,4.4099455
2044,2.044,0.08849226,4.446586
2045,2.045,0.08608668,4.396714
2046,2.046,0.07768059,4.360883
2047,2.047,0.06968911,4.3639164
2048,2.048,0.06406906,4.3874288
2049,2.049,0.077443615,4.3883624
2050,2.05,0.0885967,4.3802342
2051,2.051,0.07675015,4.4410424
2052,2.052,0.09105849,4.4283705
2053,2.053,0.08085675,4.373506
2054,2.054,0.080450416,4.3811436
2055,2.055,0.079594515,4.3123393
2056,2.056,0.08170579,4.346111
2057,2.057,0.06167802,4.355863
2058,2.058,0.06692903,4.310093
2059,2.059,0.06462596,4.3156366
2060,2.06,0.0583595,4.2864227
2061,2.061,0.059387382,4.3124228
2062,2.062,0.064583026,4.353253
2063,2.063,0.07223042,4.3176436
2064,2.064,0.06784591,4.323314
2065,2.065,0.06715491,4.310771
2066,2.066,0.076822415,4.3101325
2067,2.067,0.08048849,4.3388963
2068,2.068,0.077727444,4.295814
2069,2.069,0.09489345,4.3510766
2070,2.07,0.08002542,4.357856
2071,2.071,0.05917288,4.2795997
2072,2.072,0.08077736,4.2644696
2073,2.073,0.09590101,4.268805
2074,2.074,0.07754058,4.258744
2075,2.075,0.090243004,4.3044124
2076,2.076,0.08094248,4.328172
2077,2.077,0.08389417,4.263018
2078,2.078,0.07002998,4.293234
2079,2.079,0.06814089,4.329555
2080,2.08,0.07267397,4.3093944
2081,2.081,0.07506587,4.2948055
2082,2.082,0.061616138,4.2729135
2083,2.083,0.06408981,4.2975173
2084,2.084,0.06506361,4.277192
2085,2.085,0.06397609,4.2813964
2086,2.086,0.057948027,4.246041
2087,2.087,0.06152696,4.2733555
2088,2.088,0.052683935,4.30409
2089,2.089,0.061174616,4.3226686
2090,2.09,0.05652213,4.2781086
2091,2.091,0.052116983,4.3549848
2092,2.092,0.054290786,4.3329067
2093,2.093,0.05262136,4.3391666
2094,2.094,0.05992317,4.3427205
2095,2.095,0.04850985,4.3058047
2096,2.096,0.055560913,4.2597694
2097,2.097,0.058765136,4.326642
2098,2.098,0.060583137,4.3339143
2099,2.099,0.06312206,4.3166566
2100,2.1,0.058479212,4.294579
2101,2.101,0.060781255,4.3445992
2102,2.102,0.061091416,4.293253
2103,2.103,0.0585049,4.3090734
2104,2.104,0.056467906,4.3869877
2105,2.105,0.06348179,4.3827477
2106,2.106,0.057757206,4.3882647
2107,2.107,0.05156174,4.3817277
2108,2.108,0.054995246,4.3561335
2109,2.109,0.058530584,4.370102
2110,2.11,0.05360295,4.32625
2111,2.111,0.060612705,4.342952
2112,2.112,0.065356106,4.399619
2113,2.113,0.06265609,4.3896995
2114,2.114,0.0631788,4.3862023
2115,2.115,0.061643336,4.3450413
2116,2.116,0.064828664,4.32951
2117,2.117,0.054540396,4.2685947
2118,2.118,0.063909195,4.226615
2119,2.119,0.057272833,4.234118
2120,2.12,0.06257671,4.3393865
2121,2.121,0.06562264,4.3632154
2122,2.122,0.0730832,4.3119373
2123,2.123,0.08024612,4.344294
2124,2.124,0.068429515,4.321224
2125,2.125,0.07658732,4.3315825
2126,2.126,0.07921747,4.3536263
2127,2.127,0.06893612,4.3087893
2128,2.128,0.074516416,4.3923793
2129,2.129,0.09505533,4.3721247
2130,2.13,0.09491172,4.3229065
2131,2.131,0.08686401,4.309946
2132,2.132,0.087602116,4.3516827
2133,2.133,0.08652132,4.4170346
2134,2.134,0.09130317,4.39294
2135,2.135,0.09082715,4.3564887
2136,2.136,0.07850729,4.3193226
2137,2.137,0.08099887,4.298141
2138,2.138,0.07940695,4.331961
2139,2.139,0.0649587,4.3408327
2140,2.14,0.06983079,4.321647
2141,2.141,0.070963,4.3264694
2142,2.142,0.06922978,4.288249
2143,2.143,0.07173823,4.3594437
2144,2.144,0.06795487,4.3071094
2145,2.145,0.0777386,4.367707
2146,2.146,0.07223443,4.365443
2147,2.147,0.06650019,4.3529763
2148,2.148,0.06607818,4.352699
2149,2.149,0.08137547,4.293447
2150,2.15,0.06833062,4.3054123
2151,2.151,0.0614066,4.300267
2152,2.152,0.06687979,4.3507967
2153,2.153,0.07091901,4.3307276
2154,2.154,0.07084317,4.3122993
2155,2.155,0.075699195,4.2871366
2156,2.156,0.0908227,4.312374
2157,2.157,0.08087104,4.28041
2158,2.158,0.08329263,4.2839665
2159,2.159,0.08289546,4.30911
2160,2.16,0.07699826,4.347799
2161,2.161,0.077363715,4.3829017
2162,2.162,0.08204252,4.3922133
2163,2.163,0.07141037,4.4219527
2164,2.164,0.07260554,4.4179597
2165,2.165,0.07048655,4.4023576
2166,2.166,0.07054721,4.3998923
2167,2.167,0.06572825,4.381209
2168,2.168,0.07463035,4.4090285
2169,2.169,0.084695034,4.437809
2170,2.17,0.06880268,4.398112
2171,2.171,0.0771505,4.3991823
2172,2.172,0.076822415,4.421729
2173,2.173,0.07606937,4.4537153
2174,2.174,0.074659,4.4789486
2175,2.175,0.071695514,4.482655
2176,2.176,0.058127288,4.4351797
2177,2.177,0.06636446,4.4144588
2178,2.178,0.071626954,4.4353366
2179,2.179,0.06857717,4.429146
2180,2.18,0.07585556,4.424393
2181,2.181,0.07304602,4.3965564
2182,2.182,0.08015532,4.343316
2183,2.183,0.075982705,4.4483895
2184,2.184,0.07773191,4.4010596
2185,2.185,0.07547745,4.4368057
2186,2.186,0.072231226,4.4178953
2187,2.187,0.07886062,4.4837756
2188,2.188,0.0698978,4.420519
2189,2.189,0.06337245,4.4648833
2190,2.19,0.063960716,4.4499907
2191,2.191,0.07236553,4.456641
2192,2.192,0.065313645,4.4853244
2193,2.193,0.07103871,4.4389105
2194,2.194,0.05813822,4.4509587
2195,2.195,0.060354695,4.42857
2196,2.196,0.0583595,4.4133987
2197,2.197,0.056258712,4.4440584
2198,2.198,0.05405927,4.4543552
2199,2.199,0.04784039,4.4267926
2200,2.2,0.070842355,4.461715
2201,2.201,0.06423754,4.4274793
2202,2.202,0.067790516,4.4345427
2203,2.203,0.07801839,4.4433837
2204,2.204,0.081582606,4.4487624
2205,2.205,0.08287802,4.4482727
2206,2.206,0.0825419,4.4361615
2207,2.207,0.07803099,4.4970646
2208,2.208,0.072635785,4.4410477
2209,2.209,0.081149295,4.439498
2210,2.21,0.08074587,4.459726
2211,2.211,0.074755706,4.450347
2212,2.212,0.06608255,4.427019
2213,2.213,0.06817311,4.4299045
2214,2.214,0.058131263,4.3916826
2215,2.215,0.06139342,4.447134
2216,2.216,0.06194918,4.3477054
2217,2.217,0.06770264,4.397923
2218,2.218,0.059014432,4.4350824
2219,2.219,0.07112652,4.345412
2220,2.22,0.06394445,4.414362
2221,2.221,0.054951087,4.3778563
2222,2.222,0.07715424,4.39223
2223,2.223,0.07947461,4.4135184
2224,2.224,0.07103464,4.4050083
2225,2.225,0.07427636,4.3851576
2226,2.226,0.08083816,4.387744
2227,2.227,0.08014666,4.340216
2228,2.228,0.06717384,4.35151
2229,2.229,0.07651861,4.375986
2230,2.23,0.07468532,4.3925395
2231,2.231,0.08917672,4.373252
2232,2.232,0.07467758,4.350535
2233,2.233,0.07708229,4.3761773
2234,2.234,0.079919174,4.372193
2235,2.235,0.08001964,4.3820586
2236,2.236,0.08137619,4.383467
2237,2.237,0.090350546,4.3430815
2238,2.238,0.078894325,4.350864
2239,2.239,0.09687126,4.3750505
2240,2.24,0.08418852,4.400446
2241,2.241,0.08112793,4.3510675
2242,2.242,0.081627935,4.39821
2243,2.243,0.094823375,4.392434
2244,2.244,0.084819146,4.4055157
2245,2.245,0.0971715,4.396135
2246,2.246,0.0836292,4.40378
2247,2.247,0.08040874,4.424565
2248,2.248,0.08466091,4.430227
2249,2.249,0.07341225,4.456505
2250,2.25,0.08276567,4.4557433
2251,2.251,0.08045329,4.4876738
2252,2.252,0.079522595,4.4277906
2253,2.253,0.08577189,4.448509
2254,2.254,0.07247966,4.4239335
2255,2.255,0.0768179,4.4400063
2256,2.256,0.074461326,4.4103513
2257,2.257,0.0785794,4.459351
2258,2.258,0.07173017,4.4644895
2259,2.259,0.08081885,4.4537916
2260,2.26,0.0745296,4.4049144
2261,2.261,0.07024671,4.459901
2262,2.262,0.06251757,4.4807763
2263,2.263,0.07223683,4.5083876
2264,2.264,0.06172111,4.46521
2265,2.265,0.06052014,4.4611974
2266,2.266,0.0615833,4.469364
2267,2.267,0.062288795,4.5488396
2268,2.268,0.06551951,4.5230255
2269,2.269,0.06070323,4.4693065
2270,2.27,0.066577494,4.4944954
2271,2.271,0.06670845,4.4678473
2272,2.272,0.067030855,4.474481
2273,2.273,0.072337575,4.51754
2274,2.274,0.06659659,4.51646
2275,2.275,0.055200852,4.530106
2276,2.276,0.062176418,4.518748
2277,2.277,0.059132818,4.585736
2278,2.278,0.06436878,4.5743537
2279,2.279,0.05365791,4.5785055
2280,2.28,0.05113739,4.5683904
2281,2.281,0.060973037,4.517965
2282,2.282,0.06367816,4.584972
2283,2.283,0.0682553,4.566594
2284,2.284,0.06629213,4.5489526
2285,2.285,0.07264692,4.528051
2286,2.286,0.07689611,4.5668874
2287,2.287,0.06988953,4.553713
2288,2.288,0.077824794,4.511777
2289,2.289,0.07638707,4.536321
2290,2.29,0.08306193,4.5380826
2291,2.291,0.093566716,4.524643
2292,2.292,0.09164942,4.5153875
2293,2.293,0.089330204,4.5548096
2294,2.294,0.076965235,4.498218
2295,2.295,0.08323918,4.524075
2296,2.296,0.08484027,4.520735
2297,2.297,0.08804569,4.499049
2298,2.298,0.08043604,4.55415
2299,2.299,0.0895454,4.552677
2300,2.3,0.08435381,4.5315332
2301,2.301,0.08416243,4.5074806
2302,2.302,0.0735499,4.5018263
2303,2.303,0.069913514,4.439211
2304,2.304,0.07348228,4.4596596
2305,2.305,0.06757019,4.4777956
2306,2.306,0.075882986,4.452763
2307,2.307,0.06791488,4.504829
2308,2.308,0.06273261,4.5206876
2309,2.309,0.084276356,4.483918
2310,2.31,0.072060585,4.4469023
2311,2.311,0.071949005,4.490865
2312,2.312,0.064812616,4.4800296
2313,2.313,0.06586616,4.479132
2314,2.314,0.062497225,4.4707956
2315,2.315,0.06572737,4.4731236
2316,2.316,0.065685146,4.4584537
2317,2.317,0.0628256,4.429757
2318,2.318,0.06668679,4.4658766
2319,2.319,0.071266964,4.4888563
2320,2.32,0.06912534,4.4668665
2321,2.321,0.078697,4.5092025
2322,2.322,0.061286002,4.499845
2323,2.323,0.06651235,4.4664526
2324,2.324,0.07065118,4.4934196
2325,2.325,0.06749145,4.5011373
2326,2.326,0.0592617,4.501251
2327,2.327,0.065574184,4.521062
2328,2.328,0.055571314,4.544255
2329,2.329,0.04727526,4.541684
2330,2.33,0.05470018,4.5013075
2331,2.331,0.060358524,4.5334015
2332,2.332,0.065844215,4.500246
2333,2.333,0.06905842,4.4931517
2334,2.334,0.06546656,4.467427
2335,2.335,0.055352464,4.4028893
2336,2.336,0.056038424,4.419364
2337,2.337,0.06124166,4.435015
2338,2.338,0.05305781,4.3907394
2339,2.339,0.07173017,4.427466
2340,2.34,0.07756964,4.384399
2341,2.341,0.076486126,4.3742237
2342,2.342,0.077065796,4.379148
2343,2.343,0.06633397,4.3511643
2344,2.344,0.07954149,4.2944975
2345,2.345,0.068078086,4.3193774
2346,2.346,0.06837121,4.29106
2347,2.347,0.056730352,4.348273
2348,2.348,0.0654383,4.306477
2349,2.349,0.048094634,4.33773
2350,2.35,0.058256406,4.3720098
2351,2.351,0.061816555,4.385589
2352,2.352,0.06718244,4.362643
2353,2.353,0.06188851,4.329994
2354,2.354,0.06886901,4.358377
2355,2.355,0.056585494,4.345252
2356,2.356,0.059547752,4.3679757
2357,2.357,0.06302217,4.4424787
2358,2.358,0.058192875,4.3569074
2359,2.359,0.054911103,4.313595
2360,2.36,0.054613467,4.3622885
2361,2.361,0.050190512,4.367675
2362,2.362,0.05138657,4.3913507
2363,2.363,0.055741623,4.3327837
2364,2.364,0.054118045,4.351384
2365,2.365,0.05115095,4.3104324
2366,2.366,0.053344622,4.299597
2367,2.367,0.05198151,4.299953
2368,2.368,0.0626081,4.256684
2369,2.369,0.068300165,4.2608914
2370,2.37,0.0679302,4.317987
2371,2.371,0.0715341,4.3203487
2372,2.372,0.06944152,4.264295
2373,2.373,0.07406829,4.2452283
2374,2.374,0.07191847,4.2206144
2375,2.375,0.07080563,4.1959267
2376,2.376,0.078029506,4.2411046
2377,2.377,0.07684649,4.2192645
2378,2.378,0.06240838,4.2035093
2379,2.379,0.06480637,4.201987
2380,2.38,0.047565345,4.136673
2381,2.381,0.06537202,4.1970215
2382,2.382,0.06936823,4.147107
2383,2.383,0.048521765,4.1826982
2384,2.384,0.055117022,4.178648
2385,2.385,0.05286355,4.173413
2386,2.386,0.052953128,4.192738
2387,2.387,0.057551693,4.183696
2388,2.388,0.05072887,4.167663
2389,2.389,0.06542328,4.172745
2390,2.39,0.057487383,4.2377954
2391,2.391,0.05688094,4.1987667
2392,2.392,0.052739855,4.1764035
2393,2.393,0.04730826,4.170718
2394,2.394,0.04785488,4.217771
2395,2.395,0.057198104,4.2132797
2396,2.396,0.06037863,4.162615
2397,2.397,0.0692064,4.206716
2398,2.398,0.06358733,4.2246313
2399,2.399,0.063865766,4.202054
2400,2.4,0.061498772,4.225858
2401,2.401,0.055096045,4.216857
2402,2.402,0.06253328,4.2363286
2403,2.403,0.05759988,4.2357984
2404,2.404,0.05332078,4.2714686
2405,2.405,0.055828657,4.2396803
2406,2.406,0.050691254,4.2372756
2407,2.407,0.052593898,4.2414656
2408,2.408,0.054957397,4.210209
2409,2.409,0.05615691,4.2240076
2410,2.41,0.05695507,4.230094
2411,2.411,0.050609093,4.282978
2412,2.412,0.05302185,4.2570844
2413,2.413,0.060595542,4.246243
2414,2.414,0.0569642,4.278876
2415,2.415,0.060503904,4.301312
2416,2.416,0.057106074,4.2540126
2417,2.417,0.04952859,4.3098807
2418,2.418,0.05254112,4.2704644
2419,2.419,0.053690217,4.3434005
2420,2.42,0.055744737,4.3389363
2421,2.421,0.048158284,4.341101
2422,2.422,0.05777722,4.333664
2423,2.423,0.05308939,4.3023376
2424,2.424,0.05634597,4.2821045
2425,2.425,0.055893842,4.2919574
2426,2.426,0.06951306,4.3100457
2427,2.427,0.07375002,4.3724995
2428,2.428,0.091612205,4.3848724
2429,2.429,0.07934724,4.2897215
2430,2.43,0.07475107,4.319952
2431,2.431,0.09059395,4.284316
2432,2.432,0.106097095,4.333428
2433,2.433,0.08942332,4.288631
2434,2.434,0.08368862,4.2929926
2435,2.435,0.08324127,4.259235
2436,2.436,0.0783149,4.2294927
2437,2.437,0.071407944,4.304353
2438,2.438,0.084894754,4.25921
2439,2.439,0.078713164,4.2705255
2440,2.44,0.084159,4.289273
2441,2.441,0.08248516,4.284126
2442,2.442,0.08198403,4.281307
2443,2.443,0.07477658,4.3304715
2444,2.444,0.06973139,4.280945
2445,2.445,0.071838066,4.3500395
2446,2.446,0.09030127,4.3081503
2447,2.447,0.08463155,4.3164773
2448,2.448,0.081425175,4.2671523
2449,2.449,0.0801892,4.2606726
2450,2.45,0.08253139,4.201267
2451,2.451,0.098665476,4.2162313
2452,2.452,0.091050245,4.2455244
2453,2.453,0.08694847,4.243027
2454,2.454,0.07915616,4.2214785
2455,2.455,0.082686715,4.2527466
2456,2.456,0.08830657,4.2299395
2457,2.457,0.08772475,4.2420673
2458,2.458,0.07851539,4.2388406
2459,2.459,0.07905606,4.2325325
2460,2.46,0.07820412,4.2082124
2461,2.461,0.08267623,4.233984
2462,2.462,0.085032165,4.2828526
2463,2.463,0.08578941,4.281277
